source,target,correlation,abs_correlation,interaction,relation,edge_width
Smp_348100.1,Smp_328440.1,-0.9806871503925683,0.9806871503925683,coexpressao_negativa,negativa,0.9806871503925683
Smp_204420.1,Smp_318100.1,-0.97560541004654,0.97560541004654,coexpressao_negativa,negativa,0.97560541004654
Smp_204420.1,Smp_327370.1,-0.9841221220473388,0.9841221220473388,coexpressao_negativa,negativa,0.9841221220473388
Smp_204420.1,Smp_019690.2,-0.9791748809419331,0.9791748809419331,coexpressao_negativa,negativa,0.9791748809419331
Smp_204420.1,Smp_032670.1,-0.9885660711721797,0.9885660711721797,coexpressao_negativa,negativa,0.9885660711721797
Smp_204420.1,Smp_043500.2,-0.9783425529258615,0.9783425529258615,coexpressao_negativa,negativa,0.9783425529258615
Smp_204420.1,Smp_082410.1,-0.990611465743277,0.990611465743277,coexpressao_negativa,negativa,0.990611465743277
Smp_204420.1,Smp_000790.1,-0.986157392550485,0.986157392550485,coexpressao_negativa,negativa,0.986157392550485
Smp_204420.1,Smp_340300.2,-0.9927198302694509,0.9927198302694509,coexpressao_negativa,negativa,0.9927198302694509
Smp_204420.1,Smp_150000.1,-0.9710861990124937,0.9710861990124937,coexpressao_negativa,negativa,0.9710861990124937
Smp_247660.1,Smp_319970.1,-0.9867951571291029,0.9867951571291029,coexpressao_negativa,negativa,0.9867951571291029
Smp_247660.1,Smp_245600.2,-0.9847082535831672,0.9847082535831672,coexpressao_negativa,negativa,0.9847082535831672
Smp_323230.1,Smp_196880.2,-0.9715887890093968,0.9715887890093968,coexpressao_negativa,negativa,0.9715887890093968
Smp_323230.1,Smp_335370.1,-0.9732691713267593,0.9732691713267593,coexpressao_negativa,negativa,0.9732691713267593
Smp_323230.1,Smp_332600.2,-0.9759440094845053,0.9759440094845053,coexpressao_negativa,negativa,0.9759440094845053
Smp_323230.1,Smp_170770.2,-0.9708919041293953,0.9708919041293953,coexpressao_negativa,negativa,0.9708919041293953
Smp_204370.1,Smp_164270.2,-0.9922891867528909,0.9922891867528909,coexpressao_negativa,negativa,0.9922891867528909
Smp_204370.1,Smp_017470.1,-0.9985202127436934,0.9985202127436934,coexpressao_negativa,negativa,0.9985202127436934
Smp_204370.1,Smp_349140.1,-0.9750094510931558,0.9750094510931558,coexpressao_negativa,negativa,0.9750094510931558
Smp_204370.1,Smp_327460.1,-0.9706186686194943,0.9706186686194943,coexpressao_negativa,negativa,0.9706186686194943
Smp_204370.1,Smp_074390.1,-0.9908394227999986,0.9908394227999986,coexpressao_negativa,negativa,0.9908394227999986
Smp_204370.1,Smp_328910.1,-0.9993982203459988,0.9993982203459988,coexpressao_negativa,negativa,0.9993982203459988
Smp_204370.1,Smp_028210.2,-0.9815626077082429,0.9815626077082429,coexpressao_negativa,negativa,0.9815626077082429
Smp_348820.2,Smp_245600.2,-0.9848470142591171,0.9848470142591171,coexpressao_negativa,negativa,0.9848470142591171
Smp_181730.1,Smp_326490.1,-0.9712772440723538,0.9712772440723538,coexpressao_negativa,negativa,0.9712772440723538
Smp_331370.1,Smp_122790.2,-0.9802383105211459,0.9802383105211459,coexpressao_negativa,negativa,0.9802383105211459
Smp_331370.1,Smp_317510.1,-0.9803056175360962,0.9803056175360962,coexpressao_negativa,negativa,0.9803056175360962
Smp_331370.1,Smp_335380.1,-0.9790418589114068,0.9790418589114068,coexpressao_negativa,negativa,0.9790418589114068
Smp_331370.1,Smp_055870.2,-0.9951439052496158,0.9951439052496158,coexpressao_negativa,negativa,0.9951439052496158
Smp_331370.1,Smp_203090.1,-0.9934970377805971,0.9934970377805971,coexpressao_negativa,negativa,0.9934970377805971
Smp_204040.1,Smp_335785.1,-0.9987263339568505,0.9987263339568505,coexpressao_negativa,negativa,0.9987263339568505
Smp_204040.1,Smp_193680.1,-0.9946397127351495,0.9946397127351495,coexpressao_negativa,negativa,0.9946397127351495
Smp_134410.1,Smp_017710.1,-0.9941968761254572,0.9941968761254572,coexpressao_negativa,negativa,0.9941968761254572
Smp_134410.1,Smp_327370.1,-0.9745458598522607,0.9745458598522607,coexpressao_negativa,negativa,0.9745458598522607
Smp_134410.1,Smp_060620.1,-0.9940093852926772,0.9940093852926772,coexpressao_negativa,negativa,0.9940093852926772
Smp_134410.1,Smp_122790.2,-0.9929429983780439,0.9929429983780439,coexpressao_negativa,negativa,0.9929429983780439
Smp_134410.1,Smp_302310.2,-0.9982929192092466,0.9982929192092466,coexpressao_negativa,negativa,0.9982929192092466
Smp_134410.1,Smp_347540.2,-0.9815323196388629,0.9815323196388629,coexpressao_negativa,negativa,0.9815323196388629
Smp_084180.1,Smp_308755.1,-0.976626475263563,0.976626475263563,coexpressao_negativa,negativa,0.976626475263563
Smp_084180.1,Smp_200710.1,-0.9767235296220423,0.9767235296220423,coexpressao_negativa,negativa,0.9767235296220423
Smp_084180.1,Smp_317180.1,-0.9803248933270654,0.9803248933270654,coexpressao_negativa,negativa,0.9803248933270654
Smp_084180.1,Smp_319120.2,-0.9729980847180901,0.9729980847180901,coexpressao_negativa,negativa,0.9729980847180901
Smp_084180.1,Smp_133590.2,-0.9956320132315932,0.9956320132315932,coexpressao_negativa,negativa,0.9956320132315932
Smp_084180.1,Smp_340840.1,-0.9792396150059003,0.9792396150059003,coexpressao_negativa,negativa,0.9792396150059003
Smp_084180.1,Smp_071590.1,-0.9705935395867428,0.9705935395867428,coexpressao_negativa,negativa,0.9705935395867428
Smp_084180.1,Smp_173380.1,-0.9745406417566096,0.9745406417566096,coexpressao_negativa,negativa,0.9745406417566096
Smp_308755.1,Smp_316910.1,-0.995453078152535,0.995453078152535,coexpressao_negativa,negativa,0.995453078152535
Smp_308755.1,Smp_140260.1,-0.9874550746928505,0.9874550746928505,coexpressao_negativa,negativa,0.9874550746928505
Smp_010550.2,Smp_303350.1,-0.9724331725340417,0.9724331725340417,coexpressao_negativa,negativa,0.9724331725340417
Smp_010550.2,Smp_173320.2,-0.9867578343774065,0.9867578343774065,coexpressao_negativa,negativa,0.9867578343774065
Smp_010550.2,Smp_331440.1,-0.9841929602327198,0.9841929602327198,coexpressao_negativa,negativa,0.9841929602327198
Smp_010550.2,Smp_054620.3,-0.9790525090939778,0.9790525090939778,coexpressao_negativa,negativa,0.9790525090939778
Smp_010550.2,Smp_058140.3,-0.9850693197708009,0.9850693197708009,coexpressao_negativa,negativa,0.9850693197708009
Smp_182600.1,Smp_133590.1,-0.9785974768583106,0.9785974768583106,coexpressao_negativa,negativa,0.9785974768583106
Smp_182600.1,Smp_335785.1,-0.9925141731276438,0.9925141731276438,coexpressao_negativa,negativa,0.9925141731276438
Smp_182600.1,Smp_193680.1,-0.9804066782401157,0.9804066782401157,coexpressao_negativa,negativa,0.9804066782401157
Smp_182600.1,Smp_341710.1,-0.9856989267983737,0.9856989267983737,coexpressao_negativa,negativa,0.9856989267983737
Smp_200710.1,Smp_316910.1,-0.9955520034452066,0.9955520034452066,coexpressao_negativa,negativa,0.9955520034452066
Smp_200710.1,Smp_140260.1,-0.9875532051667101,0.9875532051667101,coexpressao_negativa,negativa,0.9875532051667101
Smp_326650.1,Smp_307630.1,-0.9917129511700732,0.9917129511700732,coexpressao_negativa,negativa,0.9917129511700732
Smp_326650.1,Smp_022320.2,-0.9890091316730545,0.9890091316730545,coexpressao_negativa,negativa,0.9890091316730545
Smp_326650.1,Smp_314280.1,-0.9787515012949013,0.9787515012949013,coexpressao_negativa,negativa,0.9787515012949013
Smp_322700.1,Smp_017710.1,-0.9825127796603885,0.9825127796603885,coexpressao_negativa,negativa,0.9825127796603885
Smp_322700.1,Smp_122790.2,-0.9803883672326419,0.9803883672326419,coexpressao_negativa,negativa,0.9803883672326419
Smp_322700.1,Smp_335380.1,-0.9875322526913909,0.9875322526913909,coexpressao_negativa,negativa,0.9875322526913909
Smp_322700.1,Smp_302310.2,-0.9891907171049559,0.9891907171049559,coexpressao_negativa,negativa,0.9891907171049559
Smp_322700.1,Smp_347540.2,-0.9838309513795934,0.9838309513795934,coexpressao_negativa,negativa,0.9838309513795934
Smp_322700.2,Smp_141010.2,-0.9759006722997096,0.9759006722997096,coexpressao_negativa,negativa,0.9759006722997096
Smp_322700.2,Smp_328620.2,-0.9765309272944487,0.9765309272944487,coexpressao_negativa,negativa,0.9765309272944487
Smp_322700.2,Smp_058140.1,-0.9994849480478802,0.9994849480478802,coexpressao_negativa,negativa,0.9994849480478802
Smp_340300.1,Smp_326770.2,-0.9712792033932731,0.9712792033932731,coexpressao_negativa,negativa,0.9712792033932731
Smp_340300.1,Smp_017710.1,-0.9767718807516771,0.9767718807516771,coexpressao_negativa,negativa,0.9767718807516771
Smp_340300.1,Smp_327370.1,-0.9891612313501122,0.9891612313501122,coexpressao_negativa,negativa,0.9891612313501122
Smp_340300.1,Smp_060620.1,-0.9974703094107991,0.9974703094107991,coexpressao_negativa,negativa,0.9974703094107991
Smp_340300.1,Smp_122790.2,-0.9945802946543185,0.9945802946543185,coexpressao_negativa,negativa,0.9945802946543185
Smp_340300.1,Smp_032670.1,-0.97695758046216,0.97695758046216,coexpressao_negativa,negativa,0.97695758046216
Smp_340300.1,Smp_302310.2,-0.9833751587843578,0.9833751587843578,coexpressao_negativa,negativa,0.9833751587843578
Smp_302870.1,Smp_326770.2,-0.9742287535557642,0.9742287535557642,coexpressao_negativa,negativa,0.9742287535557642
Smp_302870.1,Smp_017710.1,-0.974169136884995,0.974169136884995,coexpressao_negativa,negativa,0.974169136884995
Smp_302870.1,Smp_327370.1,-0.9897371223700938,0.9897371223700938,coexpressao_negativa,negativa,0.9897371223700938
Smp_302870.1,Smp_060620.1,-0.9969086139943807,0.9969086139943807,coexpressao_negativa,negativa,0.9969086139943807
Smp_302870.1,Smp_122790.2,-0.9937924140129291,0.9937924140129291,coexpressao_negativa,negativa,0.9937924140129291
Smp_302870.1,Smp_032670.1,-0.9789050955909578,0.9789050955909578,coexpressao_negativa,negativa,0.9789050955909578
Smp_302870.1,Smp_302310.2,-0.9809979018143286,0.9809979018143286,coexpressao_negativa,negativa,0.9809979018143286
Smp_200770.1,Smp_196880.2,-0.9927478127254122,0.9927478127254122,coexpressao_negativa,negativa,0.9927478127254122
Smp_200770.1,Smp_335370.1,-0.9825138761345749,0.9825138761345749,coexpressao_negativa,negativa,0.9825138761345749
Smp_200770.1,Smp_170770.2,-0.992035751256436,0.992035751256436,coexpressao_negativa,negativa,0.992035751256436
Smp_200770.1,Smp_211020.1,-0.9761917082935235,0.9761917082935235,coexpressao_negativa,negativa,0.9761917082935235
Smp_323360.1,Smp_017710.1,-0.9877034133305834,0.9877034133305834,coexpressao_negativa,negativa,0.9877034133305834
Smp_323360.1,Smp_318100.1,-0.9849936125782551,0.9849936125782551,coexpressao_negativa,negativa,0.9849936125782551
Smp_323360.1,Smp_302310.2,-0.9775958811527434,0.9775958811527434,coexpressao_negativa,negativa,0.9775958811527434
Smp_323360.1,Smp_347540.2,-0.9870669003026651,0.9870669003026651,coexpressao_negativa,negativa,0.9870669003026651
Smp_323360.1,Smp_328360.1,-0.9811657559013779,0.9811657559013779,coexpressao_negativa,negativa,0.9811657559013779
Smp_323360.1,Smp_150000.1,-0.9877653312469645,0.9877653312469645,coexpressao_negativa,negativa,0.9877653312469645
Smp_152630.1,Smp_017710.1,-0.9911170143969629,0.9911170143969629,coexpressao_negativa,negativa,0.9911170143969629
Smp_152630.1,Smp_060620.1,-0.9824424329477489,0.9824424329477489,coexpressao_negativa,negativa,0.9824424329477489
Smp_152630.1,Smp_122790.2,-0.9897415786225224,0.9897415786225224,coexpressao_negativa,negativa,0.9897415786225224
Smp_152630.1,Smp_335380.1,-0.973930355940421,0.973930355940421,coexpressao_negativa,negativa,0.973930355940421
Smp_152630.1,Smp_302310.2,-0.996609501448381,0.996609501448381,coexpressao_negativa,negativa,0.996609501448381
Smp_152630.1,Smp_347540.2,-0.9854182231457149,0.9854182231457149,coexpressao_negativa,negativa,0.9854182231457149
Smp_330170.1,Smp_326770.2,-0.9929993454852009,0.9929993454852009,coexpressao_negativa,negativa,0.9929993454852009
Smp_330170.1,Smp_327370.1,-0.9949312179105122,0.9949312179105122,coexpressao_negativa,negativa,0.9949312179105122
Smp_330170.1,Smp_060620.1,-0.9873234006444027,0.9873234006444027,coexpressao_negativa,negativa,0.9873234006444027
Smp_330170.1,Smp_122790.2,-0.972469691008271,0.972469691008271,coexpressao_negativa,negativa,0.972469691008271
Smp_330170.1,Smp_032670.1,-0.9962292310755959,0.9962292310755959,coexpressao_negativa,negativa,0.9962292310755959
Smp_340430.1,Smp_017710.1,-0.9937644412930312,0.9937644412930312,coexpressao_negativa,negativa,0.9937644412930312
Smp_340430.1,Smp_302310.2,-0.9920593273094478,0.9920593273094478,coexpressao_negativa,negativa,0.9920593273094478
Smp_340430.1,Smp_347540.2,-0.9995990380846277,0.9995990380846277,coexpressao_negativa,negativa,0.9995990380846277
Smp_047870.1,Smp_017710.1,-0.9935216441585268,0.9935216441585268,coexpressao_negativa,negativa,0.9935216441585268
Smp_047870.1,Smp_060620.1,-0.9816402173609856,0.9816402173609856,coexpressao_negativa,negativa,0.9816402173609856
Smp_047870.1,Smp_122790.2,-0.9862688202107078,0.9862688202107078,coexpressao_negativa,negativa,0.9862688202107078
Smp_047870.1,Smp_335380.1,-0.9720683308322571,0.9720683308322571,coexpressao_negativa,negativa,0.9720683308322571
Smp_047870.1,Smp_302310.2,-0.9976756098516264,0.9976756098516264,coexpressao_negativa,negativa,0.9976756098516264
Smp_047870.1,Smp_347540.2,-0.9895054073912668,0.9895054073912668,coexpressao_negativa,negativa,0.9895054073912668
Smp_156910.2,Smp_017710.1,-0.9793212576901884,0.9793212576901884,coexpressao_negativa,negativa,0.9793212576901884
Smp_156910.2,Smp_318100.1,-0.9976845804633317,0.9976845804633317,coexpressao_negativa,negativa,0.9976845804633317
Smp_156910.2,Smp_327370.1,-0.9876291368747475,0.9876291368747475,coexpressao_negativa,negativa,0.9876291368747475
Smp_156910.2,Smp_060620.1,-0.9826360424033114,0.9826360424033114,coexpressao_negativa,negativa,0.9826360424033114
Smp_156910.2,Smp_019690.2,-0.9779268411389797,0.9779268411389797,coexpressao_negativa,negativa,0.9779268411389797
Smp_156910.2,Smp_032670.1,-0.9705799896157431,0.9705799896157431,coexpressao_negativa,negativa,0.9705799896157431
Smp_156910.2,Smp_043500.2,-0.9715508774827701,0.9715508774827701,coexpressao_negativa,negativa,0.9715508774827701
Smp_156910.2,Smp_082410.1,-0.9850731595300474,0.9850731595300474,coexpressao_negativa,negativa,0.9850731595300474
Smp_156910.2,Smp_302310.2,-0.9720161881374331,0.9720161881374331,coexpressao_negativa,negativa,0.9720161881374331
Smp_156910.2,Smp_328360.1,-0.9862790283633364,0.9862790283633364,coexpressao_negativa,negativa,0.9862790283633364
Smp_156910.2,Smp_150000.1,-0.9968697295369653,0.9968697295369653,coexpressao_negativa,negativa,0.9968697295369653
Smp_327820.1,Smp_175880.1,-0.9988690139795929,0.9988690139795929,coexpressao_negativa,negativa,0.9988690139795929
Smp_327820.1,Smp_046060.1,-0.9848667979385014,0.9848667979385014,coexpressao_negativa,negativa,0.9848667979385014
Smp_205710.1,Smp_017710.1,-0.9964960789594076,0.9964960789594076,coexpressao_negativa,negativa,0.9964960789594076
Smp_205710.1,Smp_318100.1,-0.9837285218708237,0.9837285218708237,coexpressao_negativa,negativa,0.9837285218708237
Smp_205710.1,Smp_060620.1,-0.9789857230023834,0.9789857230023834,coexpressao_negativa,negativa,0.9789857230023834
Smp_205710.1,Smp_302310.2,-0.9904430327032485,0.9904430327032485,coexpressao_negativa,negativa,0.9904430327032485
Smp_205710.1,Smp_347540.2,-0.9916772261283266,0.9916772261283266,coexpressao_negativa,negativa,0.9916772261283266
Smp_205710.1,Smp_328360.1,-0.972450889189771,0.972450889189771,coexpressao_negativa,negativa,0.972450889189771
Smp_205710.1,Smp_150000.1,-0.9855912839824763,0.9855912839824763,coexpressao_negativa,negativa,0.9855912839824763
Smp_317180.1,Smp_316910.1,-0.9992227912812056,0.9992227912812056,coexpressao_negativa,negativa,0.9992227912812056
Smp_317180.1,Smp_140260.1,-0.991194499926183,0.991194499926183,coexpressao_negativa,negativa,0.991194499926183
Smp_341160.2,Smp_331440.1,-0.9755960581790304,0.9755960581790304,coexpressao_negativa,negativa,0.9755960581790304
Smp_341160.2,Smp_332600.2,-0.9766244261405568,0.9766244261405568,coexpressao_negativa,negativa,0.9766244261405568
Smp_330270.1,Smp_335785.1,-0.995731362027166,0.995731362027166,coexpressao_negativa,negativa,0.995731362027166
Smp_330270.1,Smp_193680.1,-0.9939232978825604,0.9939232978825604,coexpressao_negativa,negativa,0.9939232978825604
Smp_247580.1,Smp_063530.1,-0.9876080318805867,0.9876080318805867,coexpressao_negativa,negativa,0.9876080318805867
Smp_247580.1,Smp_133590.1,-0.9781766043356934,0.9781766043356934,coexpressao_negativa,negativa,0.9781766043356934
Smp_247580.1,Smp_347490.1,-0.9830325515990649,0.9830325515990649,coexpressao_negativa,negativa,0.9830325515990649
Smp_247580.1,Smp_193680.1,-0.9780908212152619,0.9780908212152619,coexpressao_negativa,negativa,0.9780908212152619
Smp_247580.1,Smp_169220.1,-0.9753209546681636,0.9753209546681636,coexpressao_negativa,negativa,0.9753209546681636
Smp_085540.2,Smp_326770.2,-0.9898197243170114,0.9898197243170114,coexpressao_negativa,negativa,0.9898197243170114
Smp_303350.1,Smp_023940.1,-0.9850231546175393,0.9850231546175393,coexpressao_negativa,negativa,0.9850231546175393
Smp_303350.1,Smp_322930.1,-0.9834413475499735,0.9834413475499735,coexpressao_negativa,negativa,0.9834413475499735
Smp_303350.1,Smp_310980.1,-0.9816532969652134,0.9816532969652134,coexpressao_negativa,negativa,0.9816532969652134
Smp_303350.1,Smp_192010.1,-0.9864646243266388,0.9864646243266388,coexpressao_negativa,negativa,0.9864646243266388
Smp_303350.1,Smp_058140.1,-0.971186099111994,0.971186099111994,coexpressao_negativa,negativa,0.971186099111994
Smp_303350.1,Smp_020450.1,-0.9910573893676735,0.9910573893676735,coexpressao_negativa,negativa,0.9910573893676735
Smp_020450.2,Smp_023940.1,-0.9868125905589178,0.9868125905589178,coexpressao_negativa,negativa,0.9868125905589178
Smp_020450.2,Smp_155320.1,-0.9840549415528584,0.9840549415528584,coexpressao_negativa,negativa,0.9840549415528584
Smp_020450.2,Smp_310980.1,-0.9919908882895838,0.9919908882895838,coexpressao_negativa,negativa,0.9919908882895838
Smp_020450.2,Smp_141010.2,-0.9726326875270104,0.9726326875270104,coexpressao_negativa,negativa,0.9726326875270104
Smp_020450.2,Smp_328620.2,-0.9826809279292403,0.9826809279292403,coexpressao_negativa,negativa,0.9826809279292403
Smp_326770.2,Smp_017470.2,-0.9837332009264724,0.9837332009264724,coexpressao_negativa,negativa,0.9837332009264724
Smp_326770.2,Smp_005190.3,-0.9716523933212299,0.9716523933212299,coexpressao_negativa,negativa,0.9716523933212299
Smp_326770.2,Smp_131680.2,-0.9794406736295087,0.9794406736295087,coexpressao_negativa,negativa,0.9794406736295087
Smp_326770.2,Smp_000790.2,-0.9853994198558428,0.9853994198558428,coexpressao_negativa,negativa,0.9853994198558428
Smp_326770.2,Smp_244890.1,-0.999458121247915,0.999458121247915,coexpressao_negativa,negativa,0.999458121247915
Smp_326770.2,Smp_130520.4,-0.9742142561683156,0.9742142561683156,coexpressao_negativa,negativa,0.9742142561683156
Smp_326770.2,Smp_304890.2,-0.985759656096757,0.985759656096757,coexpressao_negativa,negativa,0.985759656096757
Smp_326770.2,Smp_336340.1,-0.9846459645160407,0.9846459645160407,coexpressao_negativa,negativa,0.9846459645160407
Smp_173320.2,Smp_051000.1,-0.9723963932930211,0.9723963932930211,coexpressao_negativa,negativa,0.9723963932930211
Smp_173320.2,Smp_170910.1,-0.9781746048719884,0.9781746048719884,coexpressao_negativa,negativa,0.9781746048719884
Smp_173320.2,Smp_322930.1,-0.9975533127744375,0.9975533127744375,coexpressao_negativa,negativa,0.9975533127744375
Smp_173320.2,Smp_192010.1,-0.9852457555318612,0.9852457555318612,coexpressao_negativa,negativa,0.9852457555318612
Smp_173320.2,Smp_201340.1,-0.970202898809414,0.970202898809414,coexpressao_negativa,negativa,0.970202898809414
Smp_173320.2,Smp_040710.2,-0.9723930992395606,0.9723930992395606,coexpressao_negativa,negativa,0.9723930992395606
Smp_173320.2,Smp_020450.1,-0.9993725762521507,0.9993725762521507,coexpressao_negativa,negativa,0.9993725762521507
Smp_173320.2,Smp_058050.1,-0.9807402622147324,0.9807402622147324,coexpressao_negativa,negativa,0.9807402622147324
Smp_173320.2,Smp_141290.1,-0.9728875452535032,0.9728875452535032,coexpressao_negativa,negativa,0.9728875452535032
Smp_133590.3,Smp_164270.2,-0.9858522908290878,0.9858522908290878,coexpressao_negativa,negativa,0.9858522908290878
Smp_133590.3,Smp_017470.1,-0.9953765548148158,0.9953765548148158,coexpressao_negativa,negativa,0.9953765548148158
Smp_133590.3,Smp_349140.1,-0.9840663937059928,0.9840663937059928,coexpressao_negativa,negativa,0.9840663937059928
Smp_133590.3,Smp_074390.1,-0.9916627489265928,0.9916627489265928,coexpressao_negativa,negativa,0.9916627489265928
Smp_133590.3,Smp_328910.1,-0.9985144352348477,0.9985144352348477,coexpressao_negativa,negativa,0.9985144352348477
Smp_133590.3,Smp_028210.2,-0.9829458252046342,0.9829458252046342,coexpressao_negativa,negativa,0.9829458252046342
Smp_212190.2,Smp_047870.2,-0.9715123851355787,0.9715123851355787,coexpressao_negativa,negativa,0.9715123851355787
Smp_212190.2,Smp_179970.1,-0.990550830909192,0.990550830909192,coexpressao_negativa,negativa,0.990550830909192
Smp_305620.1,Smp_155320.1,-0.9928488221794044,0.9928488221794044,coexpressao_negativa,negativa,0.9928488221794044
Smp_319450.1,Smp_017710.1,-0.9740117873791246,0.9740117873791246,coexpressao_negativa,negativa,0.9740117873791246
Smp_319450.1,Smp_347540.2,-0.9897060252963978,0.9897060252963978,coexpressao_negativa,negativa,0.9897060252963978
Smp_348840.2,Smp_017710.1,-0.9845710614396571,0.9845710614396571,coexpressao_negativa,negativa,0.9845710614396571
Smp_348840.2,Smp_335380.1,-0.9762900452986465,0.9762900452986465,coexpressao_negativa,negativa,0.9762900452986465
Smp_348840.2,Smp_302310.2,-0.985683351178498,0.985683351178498,coexpressao_negativa,negativa,0.985683351178498
Smp_348840.2,Smp_347540.2,-0.9948242458258252,0.9948242458258252,coexpressao_negativa,negativa,0.9948242458258252
Smp_319120.2,Smp_213510.1,-0.981303065950428,0.981303065950428,coexpressao_negativa,negativa,0.981303065950428
Smp_319120.2,Smp_316910.1,-0.9917547424748584,0.9917547424748584,coexpressao_negativa,negativa,0.9917547424748584
Smp_319120.2,Smp_140260.1,-0.9837864534258219,0.9837864534258219,coexpressao_negativa,negativa,0.9837864534258219
Smp_246790.1,Smp_017710.1,-0.9943008188874007,0.9943008188874007,coexpressao_negativa,negativa,0.9943008188874007
Smp_246790.1,Smp_060620.1,-0.9828072333787958,0.9828072333787958,coexpressao_negativa,negativa,0.9828072333787958
Smp_246790.1,Smp_122790.2,-0.9863592876461025,0.9863592876461025,coexpressao_negativa,negativa,0.9863592876461025
Smp_246790.1,Smp_335380.1,-0.9702351086290855,0.9702351086290855,coexpressao_negativa,negativa,0.9702351086290855
Smp_246790.1,Smp_302310.2,-0.9981697543428102,0.9981697543428102,coexpressao_negativa,negativa,0.9981697543428102
Smp_246790.1,Smp_347540.2,-0.9898505124184711,0.9898505124184711,coexpressao_negativa,negativa,0.9898505124184711
Smp_316860.1,Smp_319970.1,-0.9896308702039902,0.9896308702039902,coexpressao_negativa,negativa,0.9896308702039902
Smp_316860.1,Smp_318260.2,-0.9707053741911287,0.9707053741911287,coexpressao_negativa,negativa,0.9707053741911287
Smp_316860.1,Smp_245600.2,-0.983554731927443,0.983554731927443,coexpressao_negativa,negativa,0.983554731927443
Smp_051000.1,Smp_331440.1,-0.9856602988355712,0.9856602988355712,coexpressao_negativa,negativa,0.9856602988355712
Smp_051000.1,Smp_332600.2,-0.9705016875583579,0.9705016875583579,coexpressao_negativa,negativa,0.9705016875583579
Smp_051000.1,Smp_054620.3,-0.9715339964832405,0.9715339964832405,coexpressao_negativa,negativa,0.9715339964832405
Smp_348790.2,Smp_318100.1,-0.9774192158065464,0.9774192158065464,coexpressao_negativa,negativa,0.9774192158065464
Smp_348790.2,Smp_063530.1,-0.9894534307819781,0.9894534307819781,coexpressao_negativa,negativa,0.9894534307819781
Smp_348790.2,Smp_347490.1,-0.9948061124185761,0.9948061124185761,coexpressao_negativa,negativa,0.9948061124185761
Smp_348790.2,Smp_019690.2,-0.9981908454974179,0.9981908454974179,coexpressao_negativa,negativa,0.9981908454974179
Smp_348790.2,Smp_043500.2,-0.9994641982769862,0.9994641982769862,coexpressao_negativa,negativa,0.9994641982769862
Smp_348790.2,Smp_082410.1,-0.9964100495497883,0.9964100495497883,coexpressao_negativa,negativa,0.9964100495497883
Smp_348790.2,Smp_000790.1,-0.9877829441672431,0.9877829441672431,coexpressao_negativa,negativa,0.9877829441672431
Smp_348790.2,Smp_340300.2,-0.9878877515959635,0.9878877515959635,coexpressao_negativa,negativa,0.9878877515959635
Smp_348790.2,Smp_328360.1,-0.9813760268468245,0.9813760268468245,coexpressao_negativa,negativa,0.9813760268468245
Smp_348790.2,Smp_150000.1,-0.9749799239885489,0.9749799239885489,coexpressao_negativa,negativa,0.9749799239885489
Smp_307630.1,Smp_055090.3,-0.9828240541958033,0.9828240541958033,coexpressao_negativa,negativa,0.9828240541958033
Smp_307630.1,Smp_088420.1,-0.9704177775676972,0.9704177775676972,coexpressao_negativa,negativa,0.9704177775676972
Smp_307630.1,Smp_146150.1,-0.9798929002424238,0.9798929002424238,coexpressao_negativa,negativa,0.9798929002424238
Smp_307630.1,Smp_046060.2,-0.9771978750071102,0.9771978750071102,coexpressao_negativa,negativa,0.9771978750071102
Smp_023940.1,Smp_323280.1,-0.9998191101869118,0.9998191101869118,coexpressao_negativa,negativa,0.9998191101869118
Smp_023940.1,Smp_023940.2,-0.9822783402329581,0.9822783402329581,coexpressao_negativa,negativa,0.9822783402329581
Smp_023940.1,Smp_051000.2,-0.9826339157732261,0.9826339157732261,coexpressao_negativa,negativa,0.9826339157732261
Smp_023940.1,Smp_152290.1,-0.9731925252933794,0.9731925252933794,coexpressao_negativa,negativa,0.9731925252933794
Smp_023940.1,Smp_058140.3,-0.9749462912707857,0.9749462912707857,coexpressao_negativa,negativa,0.9749462912707857
Smp_017470.2,Smp_318100.1,-0.9709621097243859,0.9709621097243859,coexpressao_negativa,negativa,0.9709621097243859
Smp_017470.2,Smp_327370.1,-0.9985602256139882,0.9985602256139882,coexpressao_negativa,negativa,0.9985602256139882
Smp_017470.2,Smp_060620.1,-0.985748378532677,0.985748378532677,coexpressao_negativa,negativa,0.985748378532677
Smp_017470.2,Smp_032670.1,-0.9982947432945204,0.9982947432945204,coexpressao_negativa,negativa,0.9982947432945204
Smp_017470.2,Smp_082410.1,-0.9711118346129997,0.9711118346129997,coexpressao_negativa,negativa,0.9711118346129997
Smp_133590.2,Smp_022320.2,-0.9706712464552844,0.9706712464552844,coexpressao_negativa,negativa,0.9706712464552844
Smp_133590.2,Smp_316910.1,-0.988918617088364,0.988918617088364,coexpressao_negativa,negativa,0.988918617088364
Smp_133590.2,Smp_314280.1,-0.9744467122472241,0.9744467122472241,coexpressao_negativa,negativa,0.9744467122472241
Smp_323280.1,Smp_310980.1,-0.9989546783164719,0.9989546783164719,coexpressao_negativa,negativa,0.9989546783164719
Smp_323280.1,Smp_192010.1,-0.9926776701676926,0.9926776701676926,coexpressao_negativa,negativa,0.9926776701676926
Smp_196880.1,Smp_196880.2,-0.9848809896247185,0.9848809896247185,coexpressao_negativa,negativa,0.9848809896247185
Smp_196880.1,Smp_335370.1,-0.9982501398967316,0.9982501398967316,coexpressao_negativa,negativa,0.9982501398967316
Smp_196880.1,Smp_170770.2,-0.9873128711433756,0.9873128711433756,coexpressao_negativa,negativa,0.9873128711433756
Smp_196880.1,Smp_211020.1,-0.998928999480036,0.998928999480036,coexpressao_negativa,negativa,0.998928999480036
Smp_196880.1,Smp_205300.2,-0.9964720413443652,0.9964720413443652,coexpressao_negativa,negativa,0.9964720413443652
Smp_323250.1,Smp_346380.2,-0.9993886783226404,0.9993886783226404,coexpressao_negativa,negativa,0.9993886783226404
Smp_323250.1,Smp_051670.1,-0.9980695986712947,0.9980695986712947,coexpressao_negativa,negativa,0.9980695986712947
Smp_213510.1,Smp_335135.1,-0.997554380036953,0.997554380036953,coexpressao_negativa,negativa,0.997554380036953
Smp_213510.1,Smp_323320.1,-0.983569354673052,0.983569354673052,coexpressao_negativa,negativa,0.983569354673052
Smp_213510.1,Smp_323270.1,-0.9912752542427538,0.9912752542427538,coexpressao_negativa,negativa,0.9912752542427538
Smp_213510.1,Smp_323440.1,-0.9778208523384555,0.9778208523384555,coexpressao_negativa,negativa,0.9778208523384555
Smp_213510.1,Smp_319290.1,-0.9910474891118743,0.9910474891118743,coexpressao_negativa,negativa,0.9910474891118743
Smp_213510.1,Smp_335130.1,-0.9875513226854755,0.9875513226854755,coexpressao_negativa,negativa,0.9875513226854755
Smp_213510.1,Smp_348910.1,-0.9935995848579094,0.9935995848579094,coexpressao_negativa,negativa,0.9935995848579094
Smp_213510.1,Smp_323270.2,-0.9781525860050339,0.9781525860050339,coexpressao_negativa,negativa,0.9781525860050339
Smp_213510.1,Smp_244440.1,-0.9809514419329429,0.9809514419329429,coexpressao_negativa,negativa,0.9809514419329429
Smp_196880.2,Smp_130520.3,-0.9989136091843456,0.9989136091843456,coexpressao_negativa,negativa,0.9989136091843456
Smp_196880.2,Smp_163600.1,-0.9842360373301402,0.9842360373301402,coexpressao_negativa,negativa,0.9842360373301402
Smp_196880.2,Smp_318200.2,-0.9941101378428104,0.9941101378428104,coexpressao_negativa,negativa,0.9941101378428104
Smp_196880.2,Smp_344420.1,-0.9815412584861893,0.9815412584861893,coexpressao_negativa,negativa,0.9815412584861893
Smp_196880.2,Smp_061250.2,-0.9862982352497909,0.9862982352497909,coexpressao_negativa,negativa,0.9862982352497909
Smp_023940.2,Smp_155320.1,-0.9925284861184034,0.9925284861184034,coexpressao_negativa,negativa,0.9925284861184034
Smp_023940.2,Smp_310980.1,-0.9884862391097954,0.9884862391097954,coexpressao_negativa,negativa,0.9884862391097954
Smp_023940.2,Smp_328620.2,-0.9771197930244163,0.9771197930244163,coexpressao_negativa,negativa,0.9771197930244163
Smp_047870.2,Smp_019840.1,-0.9822280327181474,0.9822280327181474,coexpressao_negativa,negativa,0.9822280327181474
Smp_047870.2,Smp_131390.1,-0.9902041845575607,0.9902041845575607,coexpressao_negativa,negativa,0.9902041845575607
Smp_047870.2,Smp_170770.1,-0.9917294943108762,0.9917294943108762,coexpressao_negativa,negativa,0.9917294943108762
Smp_335135.1,Smp_175880.1,-0.9772083720283237,0.9772083720283237,coexpressao_negativa,negativa,0.9772083720283237
Smp_323320.1,Smp_175880.1,-0.9875269682167563,0.9875269682167563,coexpressao_negativa,negativa,0.9875269682167563
Smp_323270.1,Smp_175880.1,-0.9948516326854631,0.9948516326854631,coexpressao_negativa,negativa,0.9948516326854631
Smp_323440.1,Smp_175880.1,-0.9832567158718806,0.9832567158718806,coexpressao_negativa,negativa,0.9832567158718806
Smp_319290.1,Smp_175880.1,-0.9951191996729009,0.9951191996729009,coexpressao_negativa,negativa,0.9951191996729009
Smp_164270.2,Smp_266830.2,-0.9875428841820546,0.9875428841820546,coexpressao_negativa,negativa,0.9875428841820546
Smp_164270.2,Smp_181080.1,-0.9800150750959977,0.9800150750959977,coexpressao_negativa,negativa,0.9800150750959977
Smp_164270.2,Smp_246970.2,-0.9887482500550849,0.9887482500550849,coexpressao_negativa,negativa,0.9887482500550849
Smp_164270.2,Smp_152580.1,-0.9867255900329629,0.9867255900329629,coexpressao_negativa,negativa,0.9867255900329629
Smp_022320.3,Smp_017710.1,-0.9990147632146746,0.9990147632146746,coexpressao_negativa,negativa,0.9990147632146746
Smp_022320.3,Smp_327370.1,-0.9716388987049265,0.9716388987049265,coexpressao_negativa,negativa,0.9716388987049265
Smp_022320.3,Smp_060620.1,-0.9909201726982722,0.9909201726982722,coexpressao_negativa,negativa,0.9909201726982722
Smp_022320.3,Smp_122790.2,-0.9834151243981416,0.9834151243981416,coexpressao_negativa,negativa,0.9834151243981416
Smp_022320.3,Smp_302310.2,-0.9998525774762592,0.9998525774762592,coexpressao_negativa,negativa,0.9998525774762592
Smp_022320.3,Smp_347540.2,-0.9905356298546774,0.9905356298546774,coexpressao_negativa,negativa,0.9905356298546774
Smp_343170.2,Smp_348240.1,-0.9911751866094285,0.9911751866094285,coexpressao_negativa,negativa,0.9911751866094285
Smp_343170.2,Smp_335670.1,-0.9753853928939222,0.9753853928939222,coexpressao_negativa,negativa,0.9753853928939222
Smp_348910.1,Smp_316910.1,-0.9787350663091937,0.9787350663091937,coexpressao_negativa,negativa,0.9787350663091937
Smp_348910.1,Smp_140260.1,-0.9708713843152788,0.9708713843152788,coexpressao_negativa,negativa,0.9708713843152788
Smp_175880.1,Smp_323270.2,-0.992484309996981,0.992484309996981,coexpressao_negativa,negativa,0.992484309996981
Smp_175880.1,Smp_326490.1,-0.9805466451941092,0.9805466451941092,coexpressao_negativa,negativa,0.9805466451941092
Smp_175880.1,Smp_334920.1,-0.9878954689021929,0.9878954689021929,coexpressao_negativa,negativa,0.9878954689021929
Smp_332780.1,Smp_312620.1,-0.9814987056423917,0.9814987056423917,coexpressao_negativa,negativa,0.9814987056423917
Smp_332780.1,Smp_335380.1,-0.9997304351622249,0.9997304351622249,coexpressao_negativa,negativa,0.9997304351622249
Smp_332780.1,Smp_323420.1,-0.9899362669444424,0.9899362669444424,coexpressao_negativa,negativa,0.9899362669444424
Smp_332780.1,Smp_055870.2,-0.981355652851714,0.981355652851714,coexpressao_negativa,negativa,0.981355652851714
Smp_320200.1,Smp_155320.1,-0.9787197366090993,0.9787197366090993,coexpressao_negativa,negativa,0.9787197366090993
Smp_320200.1,Smp_310980.1,-0.9738307467037749,0.9738307467037749,coexpressao_negativa,negativa,0.9738307467037749
Smp_320200.1,Smp_141010.2,-0.9921314799005287,0.9921314799005287,coexpressao_negativa,negativa,0.9921314799005287
Smp_320200.1,Smp_328620.2,-0.9970578648597901,0.9970578648597901,coexpressao_negativa,negativa,0.9970578648597901
Smp_320200.1,Smp_058140.1,-0.978702672612774,0.978702672612774,coexpressao_negativa,negativa,0.978702672612774
Smp_085830.1,Smp_346380.2,-0.991124873002181,0.991124873002181,coexpressao_negativa,negativa,0.991124873002181
Smp_085830.1,Smp_051670.1,-0.9960169224320867,0.9960169224320867,coexpressao_negativa,negativa,0.9960169224320867
Smp_200130.1,Smp_167840.1,-0.9885939893251249,0.9885939893251249,coexpressao_negativa,negativa,0.9885939893251249
Smp_200130.1,Smp_332840.1,-0.9754278360349684,0.9754278360349684,coexpressao_negativa,negativa,0.9754278360349684
Smp_200130.1,Smp_201530.1,-0.9870988906016812,0.9870988906016812,coexpressao_negativa,negativa,0.9870988906016812
Smp_200130.1,Smp_140200.2,-0.9747897990331957,0.9747897990331957,coexpressao_negativa,negativa,0.9747897990331957
Smp_170910.1,Smp_331440.1,-0.9868825068543392,0.9868825068543392,coexpressao_negativa,negativa,0.9868825068543392
Smp_170910.1,Smp_054620.3,-0.9753315855344259,0.9753315855344259,coexpressao_negativa,negativa,0.9753315855344259
Smp_170910.1,Smp_058140.3,-0.9735005233030553,0.9735005233030553,coexpressao_negativa,negativa,0.9735005233030553
Smp_345290.1,Smp_312620.1,-0.9885729941506167,0.9885729941506167,coexpressao_negativa,negativa,0.9885729941506167
Smp_345290.1,Smp_335380.1,-0.9878126000717471,0.9878126000717471,coexpressao_negativa,negativa,0.9878126000717471
Smp_345290.1,Smp_323420.1,-0.9757880399212846,0.9757880399212846,coexpressao_negativa,negativa,0.9757880399212846
Smp_345290.1,Smp_322980.1,-0.9756538872587361,0.9756538872587361,coexpressao_negativa,negativa,0.9756538872587361
Smp_345290.1,Smp_347540.2,-0.9800694789341755,0.9800694789341755,coexpressao_negativa,negativa,0.9800694789341755
Smp_319970.1,Smp_304890.1,-0.9995513982730231,0.9995513982730231,coexpressao_negativa,negativa,0.9995513982730231
Smp_319970.1,Smp_171140.1,-0.987924312205456,0.987924312205456,coexpressao_negativa,negativa,0.987924312205456
Smp_319970.1,Smp_007630.2,-0.9808865864330237,0.9808865864330237,coexpressao_negativa,negativa,0.9808865864330237
Smp_319970.1,Smp_337670.1,-0.98744889077649,0.98744889077649,coexpressao_negativa,negativa,0.98744889077649
Smp_051000.2,Smp_155320.1,-0.9848003227748258,0.9848003227748258,coexpressao_negativa,negativa,0.9848003227748258
Smp_051000.2,Smp_310980.1,-0.9885969100723279,0.9885969100723279,coexpressao_negativa,negativa,0.9885969100723279
Smp_051000.2,Smp_141010.2,-0.9779492933047792,0.9779492933047792,coexpressao_negativa,negativa,0.9779492933047792
Smp_051000.2,Smp_328620.2,-0.9869188938625955,0.9869188938625955,coexpressao_negativa,negativa,0.9869188938625955
Smp_167840.1,Smp_179970.1,-0.9712188773638857,0.9712188773638857,coexpressao_negativa,negativa,0.9712188773638857
Smp_097940.1,Smp_155320.1,-0.9978712525845083,0.9978712525845083,coexpressao_negativa,negativa,0.9978712525845083
Smp_017470.1,Smp_266830.2,-0.9832622751655198,0.9832622751655198,coexpressao_negativa,negativa,0.9832622751655198
Smp_017470.1,Smp_181080.1,-0.9911467575781334,0.9911467575781334,coexpressao_negativa,negativa,0.9911467575781334
Smp_017470.1,Smp_246970.2,-0.99720098318077,0.99720098318077,coexpressao_negativa,negativa,0.99720098318077
Smp_017470.1,Smp_152580.1,-0.9872595468897906,0.9872595468897906,coexpressao_negativa,negativa,0.9872595468897906
Smp_305460.1,Smp_324700.1,-0.9983888229766855,0.9983888229766855,coexpressao_negativa,negativa,0.9983888229766855
Smp_305460.1,Smp_322930.1,-0.9713769781954846,0.9713769781954846,coexpressao_negativa,negativa,0.9713769781954846
Smp_305460.1,Smp_001890.1,-0.971413750179208,0.971413750179208,coexpressao_negativa,negativa,0.971413750179208
Smp_305460.1,Smp_058140.1,-0.9703385633441851,0.9703385633441851,coexpressao_negativa,negativa,0.9703385633441851
Smp_305460.1,Smp_020450.1,-0.9749473056388046,0.9749473056388046,coexpressao_negativa,negativa,0.9749473056388046
Smp_247700.1,Smp_335785.1,-0.9919349636340277,0.9919349636340277,coexpressao_negativa,negativa,0.9919349636340277
Smp_247700.1,Smp_193680.1,-0.9919164693910953,0.9919164693910953,coexpressao_negativa,negativa,0.9919164693910953
Smp_017710.1,Smp_105180.2,-0.9983630807682768,0.9983630807682768,coexpressao_negativa,negativa,0.9983630807682768
Smp_017710.1,Smp_302040.3,-0.978543578220637,0.978543578220637,coexpressao_negativa,negativa,0.978543578220637
Smp_017710.1,Smp_312610.1,-0.982749160798301,0.982749160798301,coexpressao_negativa,negativa,0.982749160798301
Smp_017710.1,Smp_133860.1,-0.999925232203789,0.999925232203789,coexpressao_negativa,negativa,0.999925232203789
Smp_017710.1,Smp_139080.2,-0.9886108960749125,0.9886108960749125,coexpressao_negativa,negativa,0.9886108960749125
Smp_017710.1,Smp_341200.2,-0.9808888342848361,0.9808888342848361,coexpressao_negativa,negativa,0.9808888342848361
Smp_017710.1,Smp_336310.2,-0.9937856591093703,0.9937856591093703,coexpressao_negativa,negativa,0.9937856591093703
Smp_017710.1,Smp_320400.1,-0.9730413356394412,0.9730413356394412,coexpressao_negativa,negativa,0.9730413356394412
Smp_017710.1,Smp_012350.1,-0.9870007210482489,0.9870007210482489,coexpressao_negativa,negativa,0.9870007210482489
Smp_017710.1,Smp_062020.1,-0.979545980258164,0.979545980258164,coexpressao_negativa,negativa,0.979545980258164
Smp_017710.1,Smp_331170.2,-0.9842949144137948,0.9842949144137948,coexpressao_negativa,negativa,0.9842949144137948
Smp_017710.1,Smp_302270.1,-0.9825607535595422,0.9825607535595422,coexpressao_negativa,negativa,0.9825607535595422
Smp_017710.1,Smp_181180.2,-0.9704568937662019,0.9704568937662019,coexpressao_negativa,negativa,0.9704568937662019
Smp_017710.1,Smp_019690.1,-0.9975855987445822,0.9975855987445822,coexpressao_negativa,negativa,0.9975855987445822
Smp_309730.1,Smp_331440.1,-0.9797897257003457,0.9797897257003457,coexpressao_negativa,negativa,0.9797897257003457
Smp_309730.1,Smp_332600.2,-0.9757625149339403,0.9757625149339403,coexpressao_negativa,negativa,0.9757625149339403
Smp_318100.1,Smp_130470.2,-0.9962038693065762,0.9962038693065762,coexpressao_negativa,negativa,0.9962038693065762
Smp_318100.1,Smp_062020.1,-0.9796388002010192,0.9796388002010192,coexpressao_negativa,negativa,0.9796388002010192
Smp_318100.1,Smp_347900.1,-0.9852050772988006,0.9852050772988006,coexpressao_negativa,negativa,0.9852050772988006
Smp_318100.1,Smp_181180.2,-0.9764755246111281,0.9764755246111281,coexpressao_negativa,negativa,0.9764755246111281
Smp_318100.1,Smp_019690.1,-0.9747355354164473,0.9747355354164473,coexpressao_negativa,negativa,0.9747355354164473
Smp_318100.1,Smp_130520.4,-0.9810198212748409,0.9810198212748409,coexpressao_negativa,negativa,0.9810198212748409
Smp_318100.1,Smp_317240.1,-0.970669531788549,0.970669531788549,coexpressao_negativa,negativa,0.970669531788549
Smp_318100.1,Smp_200460.1,-0.9899752007627306,0.9899752007627306,coexpressao_negativa,negativa,0.9899752007627306
Smp_266830.2,Smp_327460.1,-0.9919343152505109,0.9919343152505109,coexpressao_negativa,negativa,0.9919343152505109
Smp_266830.2,Smp_000790.1,-0.9782060340202278,0.9782060340202278,coexpressao_negativa,negativa,0.9782060340202278
Smp_266830.2,Smp_074390.1,-0.9951054947797907,0.9951054947797907,coexpressao_negativa,negativa,0.9951054947797907
Smp_266830.2,Smp_340300.2,-0.971546236194392,0.971546236194392,coexpressao_negativa,negativa,0.971546236194392
Smp_266830.2,Smp_328910.1,-0.9777907690815847,0.9777907690815847,coexpressao_negativa,negativa,0.9777907690815847
Smp_266830.2,Smp_028210.2,-0.9989035055742929,0.9989035055742929,coexpressao_negativa,negativa,0.9989035055742929
Smp_327370.1,Smp_005190.3,-0.9708356548907995,0.9708356548907995,coexpressao_negativa,negativa,0.9708356548907995
Smp_327370.1,Smp_131680.2,-0.9829115621697766,0.9829115621697766,coexpressao_negativa,negativa,0.9829115621697766
Smp_327370.1,Smp_130470.2,-0.9902044887486283,0.9902044887486283,coexpressao_negativa,negativa,0.9902044887486283
Smp_327370.1,Smp_000790.2,-0.9985010627513149,0.9985010627513149,coexpressao_negativa,negativa,0.9985010627513149
Smp_327370.1,Smp_244890.1,-0.9705226459041094,0.9705226459041094,coexpressao_negativa,negativa,0.9705226459041094
Smp_327370.1,Smp_130520.4,-0.998245835745052,0.998245835745052,coexpressao_negativa,negativa,0.998245835745052
Smp_327370.1,Smp_317240.1,-0.982745157259905,0.982745157259905,coexpressao_negativa,negativa,0.982745157259905
Smp_327370.1,Smp_200460.1,-0.9759284451527493,0.9759284451527493,coexpressao_negativa,negativa,0.9759284451527493
Smp_327370.1,Smp_336340.1,-0.9939446333995706,0.9939446333995706,coexpressao_negativa,negativa,0.9939446333995706
Smp_332910.2,Smp_312620.1,-0.9794273771494332,0.9794273771494332,coexpressao_negativa,negativa,0.9794273771494332
Smp_332910.2,Smp_335380.1,-0.9991432872225493,0.9991432872225493,coexpressao_negativa,negativa,0.9991432872225493
Smp_332910.2,Smp_323420.1,-0.9903952937654478,0.9903952937654478,coexpressao_negativa,negativa,0.9903952937654478
Smp_332910.2,Smp_055870.2,-0.983975775276302,0.983975775276302,coexpressao_negativa,negativa,0.983975775276302
Smp_150080.2,Smp_155320.1,-0.985602149689278,0.985602149689278,coexpressao_negativa,negativa,0.985602149689278
Smp_150080.2,Smp_141010.2,-0.9904457666976101,0.9904457666976101,coexpressao_negativa,negativa,0.9904457666976101
Smp_150080.2,Smp_328620.2,-0.9946931198576783,0.9946931198576783,coexpressao_negativa,negativa,0.9946931198576783
Smp_105180.2,Smp_060620.1,-0.9760228403531279,0.9760228403531279,coexpressao_negativa,negativa,0.9760228403531279
Smp_105180.2,Smp_302310.2,-0.9953921890732246,0.9953921890732246,coexpressao_negativa,negativa,0.9953921890732246
Smp_105180.2,Smp_347540.2,-0.9985533909424524,0.9985533909424524,coexpressao_negativa,negativa,0.9985533909424524
Smp_063530.1,Smp_150230.1,-0.9972978707704605,0.9972978707704605,coexpressao_negativa,negativa,0.9972978707704605
Smp_063530.1,Smp_322760.1,-0.9924861469765652,0.9924861469765652,coexpressao_negativa,negativa,0.9924861469765652
Smp_063530.1,Smp_347560.1,-0.9940019664858787,0.9940019664858787,coexpressao_negativa,negativa,0.9940019664858787
Smp_302040.3,Smp_060620.1,-0.9898668432661726,0.9898668432661726,coexpressao_negativa,negativa,0.9898668432661726
Smp_302040.3,Smp_122790.2,-0.9997960341802519,0.9997960341802519,coexpressao_negativa,negativa,0.9997960341802519
Smp_302040.3,Smp_302310.2,-0.987867643125211,0.987867643125211,coexpressao_negativa,negativa,0.987867643125211
Smp_340840.1,Smp_316910.1,-0.9981165918561237,0.9981165918561237,coexpressao_negativa,negativa,0.9981165918561237
Smp_340840.1,Smp_140260.1,-0.9900971883000573,0.9900971883000573,coexpressao_negativa,negativa,0.9900971883000573
Smp_310150.1,Smp_332600.2,-0.9764688252777224,0.9764688252777224,coexpressao_negativa,negativa,0.9764688252777224
Smp_310150.1,Smp_323420.1,-0.9727185044248693,0.9727185044248693,coexpressao_negativa,negativa,0.9727185044248693
Smp_310150.1,Smp_054620.3,-0.9730863793153122,0.9730863793153122,coexpressao_negativa,negativa,0.9730863793153122
Smp_093430.1,Smp_155320.1,-0.988999989481748,0.988999989481748,coexpressao_negativa,negativa,0.988999989481748
Smp_093430.1,Smp_310980.1,-0.9711416112447365,0.9711416112447365,coexpressao_negativa,negativa,0.9711416112447365
Smp_093430.1,Smp_141010.2,-0.9871295373958507,0.9871295373958507,coexpressao_negativa,negativa,0.9871295373958507
Smp_093430.1,Smp_328620.2,-0.9935127435432283,0.9935127435432283,coexpressao_negativa,negativa,0.9935127435432283
Smp_130520.3,Smp_335370.1,-0.9800080508564262,0.9800080508564262,coexpressao_negativa,negativa,0.9800080508564262
Smp_130520.3,Smp_170770.2,-0.9981971252164952,0.9981971252164952,coexpressao_negativa,negativa,0.9981971252164952
Smp_130520.3,Smp_211020.1,-0.9822546774595923,0.9822546774595923,coexpressao_negativa,negativa,0.9822546774595923
Smp_060620.1,Smp_312610.1,-0.9904737933516911,0.9904737933516911,coexpressao_negativa,negativa,0.9904737933516911
Smp_060620.1,Smp_133860.1,-0.9872593695959793,0.9872593695959793,coexpressao_negativa,negativa,0.9872593695959793
Smp_060620.1,Smp_139080.2,-0.9825467288929619,0.9825467288929619,coexpressao_negativa,negativa,0.9825467288929619
Smp_060620.1,Smp_336310.2,-0.9869594129260434,0.9869594129260434,coexpressao_negativa,negativa,0.9869594129260434
Smp_060620.1,Smp_005190.3,-0.9831670624098519,0.9831670624098519,coexpressao_negativa,negativa,0.9831670624098519
Smp_060620.1,Smp_130470.2,-0.979587204560078,0.979587204560078,coexpressao_negativa,negativa,0.979587204560078
Smp_060620.1,Smp_000790.2,-0.9935255097233101,0.9935255097233101,coexpressao_negativa,negativa,0.9935255097233101
Smp_060620.1,Smp_331170.2,-0.9908062444607556,0.9908062444607556,coexpressao_negativa,negativa,0.9908062444607556
Smp_060620.1,Smp_302270.1,-0.9893295576283259,0.9893295576283259,coexpressao_negativa,negativa,0.9893295576283259
Smp_060620.1,Smp_019690.1,-0.9757054797809451,0.9757054797809451,coexpressao_negativa,negativa,0.9757054797809451
Smp_060620.1,Smp_130520.4,-0.9853609996147759,0.9853609996147759,coexpressao_negativa,negativa,0.9853609996147759
Smp_060620.1,Smp_029210.2,-0.9824986004427461,0.9824986004427461,coexpressao_negativa,negativa,0.9824986004427461
Smp_060620.1,Smp_336340.1,-0.9745247352903035,0.9745247352903035,coexpressao_negativa,negativa,0.9745247352903035
Smp_332840.1,Smp_179970.1,-0.9920577489048029,0.9920577489048029,coexpressao_negativa,negativa,0.9920577489048029
Smp_172510.2,Smp_317510.1,-0.9919170234884196,0.9919170234884196,coexpressao_negativa,negativa,0.9919170234884196
Smp_172510.2,Smp_335380.1,-0.9716974093262398,0.9716974093262398,coexpressao_negativa,negativa,0.9716974093262398
Smp_172510.2,Smp_154900.1,-0.9829396419481676,0.9829396419481676,coexpressao_negativa,negativa,0.9829396419481676
Smp_172510.2,Smp_055870.2,-0.9991051558043244,0.9991051558043244,coexpressao_negativa,negativa,0.9991051558043244
Smp_172510.2,Smp_203090.1,-0.9966725103695663,0.9966725103695663,coexpressao_negativa,negativa,0.9966725103695663
Smp_155320.1,Smp_347590.1,-0.9798377035442297,0.9798377035442297,coexpressao_negativa,negativa,0.9798377035442297
Smp_155320.1,Smp_152290.1,-0.9971634182780558,0.9971634182780558,coexpressao_negativa,negativa,0.9971634182780558
Smp_155320.1,Smp_141010.3,-0.9838997016083748,0.9838997016083748,coexpressao_negativa,negativa,0.9838997016083748
Smp_046060.1,Smp_165050.1,-0.9722893839275156,0.9722893839275156,coexpressao_negativa,negativa,0.9722893839275156
Smp_046060.1,Smp_152590.1,-0.9709814196222365,0.9709814196222365,coexpressao_negativa,negativa,0.9709814196222365
Smp_122790.2,Smp_246050.2,-0.9835364123615891,0.9835364123615891,coexpressao_negativa,negativa,0.9835364123615891
Smp_122790.2,Smp_312610.1,-0.999038472206355,0.999038472206355,coexpressao_negativa,negativa,0.999038472206355
Smp_122790.2,Smp_133860.1,-0.9766079943467748,0.9766079943467748,coexpressao_negativa,negativa,0.9766079943467748
Smp_122790.2,Smp_139080.2,-0.9920734763529474,0.9920734763529474,coexpressao_negativa,negativa,0.9920734763529474
Smp_122790.2,Smp_341200.2,-0.9748554335218759,0.9748554335218759,coexpressao_negativa,negativa,0.9748554335218759
Smp_122790.2,Smp_336310.2,-0.9904404090026124,0.9904404090026124,coexpressao_negativa,negativa,0.9904404090026124
Smp_122790.2,Smp_012350.1,-0.974182430851563,0.974182430851563,coexpressao_negativa,negativa,0.974182430851563
Smp_122790.2,Smp_005190.3,-0.9949718548750708,0.9949718548750708,coexpressao_negativa,negativa,0.9949718548750708
Smp_122790.2,Smp_210520.2,-0.9790077104435153,0.9790077104435153,coexpressao_negativa,negativa,0.9790077104435153
Smp_122790.2,Smp_331590.1,-0.9731972994034872,0.9731972994034872,coexpressao_negativa,negativa,0.9731972994034872
Smp_122790.2,Smp_000790.2,-0.9762769191205911,0.9762769191205911,coexpressao_negativa,negativa,0.9762769191205911
Smp_122790.2,Smp_331170.2,-0.9986182957779843,0.9986182957779843,coexpressao_negativa,negativa,0.9986182957779843
Smp_122790.2,Smp_149380.2,-0.9865230360747254,0.9865230360747254,coexpressao_negativa,negativa,0.9865230360747254
Smp_122790.2,Smp_302270.1,-0.9988675494454795,0.9988675494454795,coexpressao_negativa,negativa,0.9988675494454795
Smp_122790.2,Smp_029210.2,-0.99913751278006,0.99913751278006,coexpressao_negativa,negativa,0.99913751278006
Smp_163570.2,Smp_245600.2,-0.9949823672902472,0.9949823672902472,coexpressao_negativa,negativa,0.9949823672902472
Smp_345970.2,Smp_312620.1,-0.9750226631622643,0.9750226631622643,coexpressao_negativa,negativa,0.9750226631622643
Smp_345970.2,Smp_322980.1,-0.9726256369045609,0.9726256369045609,coexpressao_negativa,negativa,0.9726256369045609
Smp_345970.2,Smp_347540.2,-0.9877249833145888,0.9877249833145888,coexpressao_negativa,negativa,0.9877249833145888
Smp_201530.1,Smp_179970.1,-0.9923248526658619,0.9923248526658619,coexpressao_negativa,negativa,0.9923248526658619
Smp_246050.2,Smp_317510.1,-0.9745802030043175,0.9745802030043175,coexpressao_negativa,negativa,0.9745802030043175
Smp_246050.2,Smp_349480.1,-0.9724723834948151,0.9724723834948151,coexpressao_negativa,negativa,0.9724723834948151
Smp_246050.2,Smp_203090.1,-0.9862723478468108,0.9862723478468108,coexpressao_negativa,negativa,0.9862723478468108
Smp_163600.1,Smp_170770.2,-0.9835300810443875,0.9835300810443875,coexpressao_negativa,negativa,0.9835300810443875
Smp_163600.1,Smp_179970.1,-0.9865983431004999,0.9865983431004999,coexpressao_negativa,negativa,0.9865983431004999
Smp_331190.1,Smp_246050.3,-0.9783629622873636,0.9783629622873636,coexpressao_negativa,negativa,0.9783629622873636
Smp_331190.1,Smp_130520.1,-0.9854165098063433,0.9854165098063433,coexpressao_negativa,negativa,0.9854165098063433
Smp_049230.1,Smp_348240.1,-0.9943220954883203,0.9943220954883203,coexpressao_negativa,negativa,0.9943220954883203
Smp_049230.1,Smp_335670.1,-0.9948840552793367,0.9948840552793367,coexpressao_negativa,negativa,0.9948840552793367
Smp_019840.1,Smp_317510.1,-0.9837564094682043,0.9837564094682043,coexpressao_negativa,negativa,0.9837564094682043
Smp_019840.1,Smp_349480.1,-0.9856392294531869,0.9856392294531869,coexpressao_negativa,negativa,0.9856392294531869
Smp_019840.1,Smp_179970.1,-0.9713181013173415,0.9713181013173415,coexpressao_negativa,negativa,0.9713181013173415
Smp_019840.1,Smp_154900.1,-0.9790420816885819,0.9790420816885819,coexpressao_negativa,negativa,0.9790420816885819
Smp_091190.2,Smp_007630.2,-0.9966433127416956,0.9966433127416956,coexpressao_negativa,negativa,0.9966433127416956
Smp_091190.2,Smp_337670.1,-0.9913140391713692,0.9913140391713692,coexpressao_negativa,negativa,0.9913140391713692
Smp_346930.2,Smp_310980.1,-0.9719027157717954,0.9719027157717954,coexpressao_negativa,negativa,0.9719027157717954
Smp_346930.2,Smp_141010.2,-0.9868595153423882,0.9868595153423882,coexpressao_negativa,negativa,0.9868595153423882
Smp_346930.2,Smp_328620.2,-0.9896110633252105,0.9896110633252105,coexpressao_negativa,negativa,0.9896110633252105
Smp_346930.2,Smp_058140.1,-0.9969203107264509,0.9969203107264509,coexpressao_negativa,negativa,0.9969203107264509
Smp_346380.2,Smp_331380.1,-0.9723018595349003,0.9723018595349003,coexpressao_negativa,negativa,0.9723018595349003
Smp_164270.1,Smp_019690.2,-0.9730915000760487,0.9730915000760487,coexpressao_negativa,negativa,0.9730915000760487
Smp_164270.1,Smp_032670.1,-0.9759459541309158,0.9759459541309158,coexpressao_negativa,negativa,0.9759459541309158
Smp_164270.1,Smp_043500.2,-0.9754737550499105,0.9754737550499105,coexpressao_negativa,negativa,0.9754737550499105
Smp_164270.1,Smp_082410.1,-0.9835536010858927,0.9835536010858927,coexpressao_negativa,negativa,0.9835536010858927
Smp_164270.1,Smp_327460.1,-0.9728137779773016,0.9728137779773016,coexpressao_negativa,negativa,0.9728137779773016
Smp_164270.1,Smp_000790.1,-0.9963608420031238,0.9963608420031238,coexpressao_negativa,negativa,0.9963608420031238
Smp_164270.1,Smp_340300.2,-0.9989283692345124,0.9989283692345124,coexpressao_negativa,negativa,0.9989283692345124
Smp_165350.1,Smp_312620.1,-0.9813503027033554,0.9813503027033554,coexpressao_negativa,negativa,0.9813503027033554
Smp_165350.1,Smp_335380.1,-0.9996764935364122,0.9996764935364122,coexpressao_negativa,negativa,0.9996764935364122
Smp_165350.1,Smp_323420.1,-0.9900752202680275,0.9900752202680275,coexpressao_negativa,negativa,0.9900752202680275
Smp_165350.1,Smp_055870.2,-0.9816290653788212,0.9816290653788212,coexpressao_negativa,negativa,0.9816290653788212
Smp_000500.1,Smp_246050.3,-0.9955574077394574,0.9955574077394574,coexpressao_negativa,negativa,0.9955574077394574
Smp_000500.1,Smp_130520.1,-0.9938714527315075,0.9938714527315075,coexpressao_negativa,negativa,0.9938714527315075
Smp_000500.1,Smp_345970.1,-0.9951080953201986,0.9951080953201986,coexpressao_negativa,negativa,0.9951080953201986
Smp_312610.1,Smp_302310.2,-0.9911048015572914,0.9911048015572914,coexpressao_negativa,negativa,0.9911048015572914
Smp_150230.1,Smp_133590.1,-0.9708626696837658,0.9708626696837658,coexpressao_negativa,negativa,0.9708626696837658
Smp_150230.1,Smp_347490.1,-0.9993233955378559,0.9993233955378559,coexpressao_negativa,negativa,0.9993233955378559
Smp_150230.1,Smp_019690.2,-0.9912757185971917,0.9912757185971917,coexpressao_negativa,negativa,0.9912757185971917
Smp_150230.1,Smp_043500.2,-0.9939781920905225,0.9939781920905225,coexpressao_negativa,negativa,0.9939781920905225
Smp_150230.1,Smp_082410.1,-0.9816136429375126,0.9816136429375126,coexpressao_negativa,negativa,0.9816136429375126
Smp_150230.1,Smp_000790.1,-0.9717404441875811,0.9717404441875811,coexpressao_negativa,negativa,0.9717404441875811
Smp_150230.1,Smp_169220.1,-0.9801511534708469,0.9801511534708469,coexpressao_negativa,negativa,0.9801511534708469
Smp_150230.1,Smp_328360.1,-0.9749818988868861,0.9749818988868861,coexpressao_negativa,negativa,0.9749818988868861
Smp_324700.1,Smp_323420.1,-0.9713295360277423,0.9713295360277423,coexpressao_negativa,negativa,0.9713295360277423
Smp_323240.1,Smp_246050.3,-0.9861273541323547,0.9861273541323547,coexpressao_negativa,negativa,0.9861273541323547
Smp_323240.1,Smp_130520.1,-0.9807080482609088,0.9807080482609088,coexpressao_negativa,negativa,0.9807080482609088
Smp_323240.1,Smp_345970.1,-0.9909039131299995,0.9909039131299995,coexpressao_negativa,negativa,0.9909039131299995
Smp_163600.2,Smp_245600.2,-0.9782647115752198,0.9782647115752198,coexpressao_negativa,negativa,0.9782647115752198
Smp_349140.1,Smp_181080.1,-0.9859167021982247,0.9859167021982247,coexpressao_negativa,negativa,0.9859167021982247
Smp_349140.1,Smp_246970.2,-0.9818838926215587,0.9818838926215587,coexpressao_negativa,negativa,0.9818838926215587
Smp_133590.1,Smp_322760.1,-0.981664733014606,0.981664733014606,coexpressao_negativa,negativa,0.981664733014606
Smp_133590.1,Smp_152580.1,-0.9792375711534721,0.9792375711534721,coexpressao_negativa,negativa,0.9792375711534721
Smp_133590.1,Smp_212300.2,-0.9781856667343102,0.9781856667343102,coexpressao_negativa,negativa,0.9781856667343102
Smp_133590.1,Smp_347560.1,-0.9733647197359082,0.9733647197359082,coexpressao_negativa,negativa,0.9733647197359082
Smp_133590.1,Smp_214020.2,-0.9803148224839673,0.9803148224839673,coexpressao_negativa,negativa,0.9803148224839673
Smp_133860.1,Smp_302310.2,-0.9990568807808972,0.9990568807808972,coexpressao_negativa,negativa,0.9990568807808972
Smp_133860.1,Smp_347540.2,-0.993978899952059,0.993978899952059,coexpressao_negativa,negativa,0.993978899952059
Smp_332090.1,Smp_314280.1,-0.9884919928928444,0.9884919928928444,coexpressao_negativa,negativa,0.9884919928928444
Smp_332090.1,Smp_322980.1,-0.985734915833211,0.985734915833211,coexpressao_negativa,negativa,0.985734915833211
Smp_055090.3,Smp_312620.1,-0.9746572378263577,0.9746572378263577,coexpressao_negativa,negativa,0.9746572378263577
Smp_055090.3,Smp_022320.2,-0.9810566480182839,0.9810566480182839,coexpressao_negativa,negativa,0.9810566480182839
Smp_055090.3,Smp_314280.1,-0.9938837760825915,0.9938837760825915,coexpressao_negativa,negativa,0.9938837760825915
Smp_055090.3,Smp_322980.1,-0.9912843367577628,0.9912843367577628,coexpressao_negativa,negativa,0.9912843367577628
Smp_347490.1,Smp_322760.1,-0.991723230024403,0.991723230024403,coexpressao_negativa,negativa,0.991723230024403
Smp_347490.1,Smp_347900.1,-0.9741770617880666,0.9741770617880666,coexpressao_negativa,negativa,0.9741770617880666
Smp_347490.1,Smp_347560.1,-0.995853505257016,0.995853505257016,coexpressao_negativa,negativa,0.995853505257016
Smp_347490.1,Smp_200460.1,-0.976771761993353,0.976771761993353,coexpressao_negativa,negativa,0.976771761993353
Smp_125250.1,Smp_312620.1,-0.9742426742471241,0.9742426742471241,coexpressao_negativa,negativa,0.9742426742471241
Smp_125250.1,Smp_335380.1,-0.9959978420159493,0.9959978420159493,coexpressao_negativa,negativa,0.9959978420159493
Smp_125250.1,Smp_323420.1,-0.9907919421788115,0.9907919421788115,coexpressao_negativa,negativa,0.9907919421788115
Smp_125250.1,Smp_055870.2,-0.9873636641648205,0.9873636641648205,coexpressao_negativa,negativa,0.9873636641648205
Smp_139080.2,Smp_335380.1,-0.9750369168442145,0.9750369168442145,coexpressao_negativa,negativa,0.9750369168442145
Smp_139080.2,Smp_302310.2,-0.9952078378155961,0.9952078378155961,coexpressao_negativa,negativa,0.9952078378155961
Smp_139080.2,Smp_347540.2,-0.9815577835498097,0.9815577835498097,coexpressao_negativa,negativa,0.9815577835498097
Smp_331440.1,Smp_322930.1,-0.9967667144741144,0.9967667144741144,coexpressao_negativa,negativa,0.9967667144741144
Smp_331440.1,Smp_201340.1,-0.9849650908622247,0.9849650908622247,coexpressao_negativa,negativa,0.9849650908622247
Smp_331440.1,Smp_040710.2,-0.9936904867597736,0.9936904867597736,coexpressao_negativa,negativa,0.9936904867597736
Smp_331440.1,Smp_020450.1,-0.9926328573980704,0.9926328573980704,coexpressao_negativa,negativa,0.9926328573980704
Smp_331440.1,Smp_058050.1,-0.997110077857767,0.997110077857767,coexpressao_negativa,negativa,0.997110077857767
Smp_331440.1,Smp_141290.1,-0.9858016394379049,0.9858016394379049,coexpressao_negativa,negativa,0.9858016394379049
Smp_312620.1,Smp_320400.1,-0.9804316489878346,0.9804316489878346,coexpressao_negativa,negativa,0.9804316489878346
Smp_312620.1,Smp_088420.1,-0.9872050782086808,0.9872050782086808,coexpressao_negativa,negativa,0.9872050782086808
Smp_312620.1,Smp_146150.1,-0.9735743369258569,0.9735743369258569,coexpressao_negativa,negativa,0.9735743369258569
Smp_312620.1,Smp_063530.2,-0.9875195849263161,0.9875195849263161,coexpressao_negativa,negativa,0.9875195849263161
Smp_312620.1,Smp_041500.2,-0.9811192012446375,0.9811192012446375,coexpressao_negativa,negativa,0.9811192012446375
Smp_322930.1,Smp_332600.2,-0.9732167089632608,0.9732167089632608,coexpressao_negativa,negativa,0.9732167089632608
Smp_322930.1,Smp_054620.3,-0.9999877890567317,0.9999877890567317,coexpressao_negativa,negativa,0.9999877890567317
Smp_341200.2,Smp_335380.1,-0.988870541959078,0.988870541959078,coexpressao_negativa,negativa,0.988870541959078
Smp_341200.2,Smp_302310.2,-0.9870156998971229,0.9870156998971229,coexpressao_negativa,negativa,0.9870156998971229
Smp_341200.2,Smp_347540.2,-0.9850615359335105,0.9850615359335105,coexpressao_negativa,negativa,0.9850615359335105
Smp_328440.1,Smp_150230.2,-0.9852751773342268,0.9852751773342268,coexpressao_negativa,negativa,0.9852751773342268
Smp_246970.1,Smp_048050.2,-0.998020193754394,0.998020193754394,coexpressao_negativa,negativa,0.998020193754394
Smp_317510.1,Smp_131390.1,-0.9892169069495893,0.9892169069495893,coexpressao_negativa,negativa,0.9892169069495893
Smp_317510.1,Smp_176260.1,-0.990644973086692,0.990644973086692,coexpressao_negativa,negativa,0.990644973086692
Smp_317510.1,Smp_170770.1,-0.9881288971473577,0.9881288971473577,coexpressao_negativa,negativa,0.9881288971473577
Smp_317510.1,Smp_331590.1,-0.9909150601721584,0.9909150601721584,coexpressao_negativa,negativa,0.9909150601721584
Smp_317510.1,Smp_168080.2,-0.9996874052148581,0.9996874052148581,coexpressao_negativa,negativa,0.9996874052148581
Smp_131390.1,Smp_349480.1,-0.9934018092575436,0.9934018092575436,coexpressao_negativa,negativa,0.9934018092575436
Smp_131390.1,Smp_154900.1,-0.9764024741572268,0.9764024741572268,coexpressao_negativa,negativa,0.9764024741572268
Smp_131390.1,Smp_203090.1,-0.9783096946899723,0.9783096946899723,coexpressao_negativa,negativa,0.9783096946899723
Smp_106010.1,Smp_019690.2,-0.9733050102419845,0.9733050102419845,coexpressao_negativa,negativa,0.9733050102419845
Smp_106010.1,Smp_032670.1,-0.9803791466029581,0.9803791466029581,coexpressao_negativa,negativa,0.9803791466029581
Smp_106010.1,Smp_043500.2,-0.975019888707519,0.975019888707519,coexpressao_negativa,negativa,0.975019888707519
Smp_106010.1,Smp_082410.1,-0.9845575858998176,0.9845575858998176,coexpressao_negativa,negativa,0.9845575858998176
Smp_106010.1,Smp_000790.1,-0.9945046617591546,0.9945046617591546,coexpressao_negativa,negativa,0.9945046617591546
Smp_106010.1,Smp_340300.2,-0.9980812093200018,0.9980812093200018,coexpressao_negativa,negativa,0.9980812093200018
Smp_326490.1,Smp_313630.1,-0.9905113788590034,0.9905113788590034,coexpressao_negativa,negativa,0.9905113788590034
Smp_326490.1,Smp_121990.2,-0.9766440572861286,0.9766440572861286,coexpressao_negativa,negativa,0.9766440572861286
Smp_001890.1,Smp_323420.1,-0.9815492135201328,0.9815492135201328,coexpressao_negativa,negativa,0.9815492135201328
Smp_322760.1,Smp_019690.2,-0.9810676222801034,0.9810676222801034,coexpressao_negativa,negativa,0.9810676222801034
Smp_322760.1,Smp_043500.2,-0.9864626076740068,0.9864626076740068,coexpressao_negativa,negativa,0.9864626076740068
Smp_322760.1,Smp_082410.1,-0.9795829091764138,0.9795829091764138,coexpressao_negativa,negativa,0.9795829091764138
Smp_322760.1,Smp_327460.1,-0.9907846738912369,0.9907846738912369,coexpressao_negativa,negativa,0.9907846738912369
Smp_322760.1,Smp_000790.1,-0.9950791401544113,0.9950791401544113,coexpressao_negativa,negativa,0.9950791401544113
Smp_322760.1,Smp_340300.2,-0.990519951100764,0.990519951100764,coexpressao_negativa,negativa,0.990519951100764
Smp_322760.1,Smp_028210.2,-0.9723463282790986,0.9723463282790986,coexpressao_negativa,negativa,0.9723463282790986
Smp_336310.2,Smp_302310.2,-0.9983386688236398,0.9983386688236398,coexpressao_negativa,negativa,0.9983386688236398
Smp_336310.2,Smp_347540.2,-0.986234963469443,0.986234963469443,coexpressao_negativa,negativa,0.986234963469443
Smp_320400.1,Smp_335380.1,-0.9895668759474084,0.9895668759474084,coexpressao_negativa,negativa,0.9895668759474084
Smp_320400.1,Smp_302310.2,-0.9778787198779382,0.9778787198779382,coexpressao_negativa,negativa,0.9778787198779382
Smp_320400.1,Smp_347540.2,-0.9845772163556934,0.9845772163556934,coexpressao_negativa,negativa,0.9845772163556934
Smp_012350.1,Smp_335380.1,-0.9826224503467409,0.9826224503467409,coexpressao_negativa,negativa,0.9826224503467409
Smp_012350.1,Smp_302310.2,-0.9911421660040314,0.9911421660040314,coexpressao_negativa,negativa,0.9911421660040314
Smp_012350.1,Smp_347540.2,-0.9908921968212694,0.9908921968212694,coexpressao_negativa,negativa,0.9908921968212694
Smp_210520.2,Smp_335380.1,-0.9932289382095357,0.9932289382095357,coexpressao_negativa,negativa,0.9932289382095357
Smp_210520.2,Smp_055870.2,-0.9905988730616776,0.9905988730616776,coexpressao_negativa,negativa,0.9905988730616776
Smp_210520.2,Smp_203090.1,-0.9787473110288022,0.9787473110288022,coexpressao_negativa,negativa,0.9787473110288022
Smp_176260.1,Smp_332600.2,-0.9713564676415656,0.9713564676415656,coexpressao_negativa,negativa,0.9713564676415656
Smp_176260.1,Smp_154900.1,-0.9944478127966989,0.9944478127966989,coexpressao_negativa,negativa,0.9944478127966989
Smp_176260.1,Smp_055870.2,-0.9927398337094299,0.9927398337094299,coexpressao_negativa,negativa,0.9927398337094299
Smp_176260.1,Smp_203090.1,-0.9878546395757677,0.9878546395757677,coexpressao_negativa,negativa,0.9878546395757677
Smp_335380.1,Smp_194370.1,-0.995670936502116,0.995670936502116,coexpressao_negativa,negativa,0.995670936502116
Smp_335380.1,Smp_149380.2,-0.9886352376081772,0.9886352376081772,coexpressao_negativa,negativa,0.9886352376081772
Smp_335380.1,Smp_063530.2,-0.9925194983468055,0.9925194983468055,coexpressao_negativa,negativa,0.9925194983468055
Smp_335380.1,Smp_004690.2,-0.9985752775225549,0.9985752775225549,coexpressao_negativa,negativa,0.9985752775225549
Smp_335380.1,Smp_041500.2,-0.997223894454775,0.997223894454775,coexpressao_negativa,negativa,0.997223894454775
Smp_335380.1,Smp_127870.1,-0.986128415177073,0.986128415177073,coexpressao_negativa,negativa,0.986128415177073
Smp_335380.1,Smp_244860.1,-0.9905220394402429,0.9905220394402429,coexpressao_negativa,negativa,0.9905220394402429
Smp_019690.2,Smp_130470.2,-0.9827106988959383,0.9827106988959383,coexpressao_negativa,negativa,0.9827106988959383
Smp_019690.2,Smp_347900.1,-0.9877630491950619,0.9877630491950619,coexpressao_negativa,negativa,0.9877630491950619
Smp_019690.2,Smp_347560.1,-0.9909890320037225,0.9909890320037225,coexpressao_negativa,negativa,0.9909890320037225
Smp_019690.2,Smp_317240.1,-0.975501188155753,0.975501188155753,coexpressao_negativa,negativa,0.975501188155753
Smp_019690.2,Smp_200460.1,-0.9946941027049463,0.9946941027049463,coexpressao_negativa,negativa,0.9946941027049463
Smp_131680.2,Smp_032670.1,-0.9943850014148139,0.9943850014148139,coexpressao_negativa,negativa,0.9943850014148139
Smp_131680.2,Smp_082410.1,-0.9747306428914692,0.9747306428914692,coexpressao_negativa,negativa,0.9747306428914692
Smp_131680.2,Smp_000790.1,-0.9795815043133315,0.9795815043133315,coexpressao_negativa,negativa,0.9795815043133315
Smp_131680.2,Smp_340300.2,-0.9873453738766825,0.9873453738766825,coexpressao_negativa,negativa,0.9873453738766825
Smp_130470.2,Smp_032670.1,-0.9785327989848706,0.9785327989848706,coexpressao_negativa,negativa,0.9785327989848706
Smp_130470.2,Smp_043500.2,-0.9777819020681696,0.9777819020681696,coexpressao_negativa,negativa,0.9777819020681696
Smp_130470.2,Smp_082410.1,-0.9907696804967943,0.9907696804967943,coexpressao_negativa,negativa,0.9907696804967943
Smp_130470.2,Smp_328360.1,-0.9841603665255418,0.9841603665255418,coexpressao_negativa,negativa,0.9841603665255418
Smp_130470.2,Smp_150000.1,-0.9944612334205007,0.9944612334205007,coexpressao_negativa,negativa,0.9944612334205007
Smp_307220.3,Smp_314280.1,-0.972942809177911,0.972942809177911,coexpressao_negativa,negativa,0.972942809177911
Smp_307220.3,Smp_322980.1,-0.9782599324147563,0.9782599324147563,coexpressao_negativa,negativa,0.9782599324147563
Smp_335785.1,Smp_010550.1,-0.9991075850360412,0.9991075850360412,coexpressao_negativa,negativa,0.9991075850360412
Smp_335785.1,Smp_212300.2,-0.9931628427989695,0.9931628427989695,coexpressao_negativa,negativa,0.9931628427989695
Smp_335785.1,Smp_214020.2,-0.9884134245075785,0.9884134245075785,coexpressao_negativa,negativa,0.9884134245075785
Smp_310980.1,Smp_152290.1,-0.9808530933068148,0.9808530933068148,coexpressao_negativa,negativa,0.9808530933068148
Smp_192010.1,Smp_054620.3,-0.9709192197366661,0.9709192197366661,coexpressao_negativa,negativa,0.9709192197366661
Smp_192010.1,Smp_058140.3,-0.9877098953802103,0.9877098953802103,coexpressao_negativa,negativa,0.9877098953802103
Smp_349480.1,Smp_170770.1,-0.994644091699301,0.994644091699301,coexpressao_negativa,negativa,0.994644091699301
Smp_318200.2,Smp_335370.1,-0.982638645062523,0.982638645062523,coexpressao_negativa,negativa,0.982638645062523
Smp_318200.2,Smp_170770.2,-0.9933970992281663,0.9933970992281663,coexpressao_negativa,negativa,0.9933970992281663
Smp_318200.2,Smp_211020.1,-0.9775313138474788,0.9775313138474788,coexpressao_negativa,negativa,0.9775313138474788
Smp_181080.2,Smp_048050.2,-0.9976853417866404,0.9976853417866404,coexpressao_negativa,negativa,0.9976853417866404
Smp_335370.1,Smp_061250.2,-0.9764071851318491,0.9764071851318491,coexpressao_negativa,negativa,0.9764071851318491
Smp_022320.2,Smp_146150.1,-0.9761876044250475,0.9761876044250475,coexpressao_negativa,negativa,0.9761876044250475
Smp_022320.2,Smp_046060.2,-0.9770236175319422,0.9770236175319422,coexpressao_negativa,negativa,0.9770236175319422
Smp_022320.2,Smp_173380.1,-0.9721034053973467,0.9721034053973467,coexpressao_negativa,negativa,0.9721034053973467
Smp_088420.1,Smp_314280.1,-0.9796278206566599,0.9796278206566599,coexpressao_negativa,negativa,0.9796278206566599
Smp_088420.1,Smp_322980.1,-0.9943551913859172,0.9943551913859172,coexpressao_negativa,negativa,0.9943551913859172
Smp_201340.1,Smp_332600.2,-0.9717625936530491,0.9717625936530491,coexpressao_negativa,negativa,0.9717625936530491
Smp_170770.1,Smp_154900.1,-0.9739804343331994,0.9739804343331994,coexpressao_negativa,negativa,0.9739804343331994
Smp_170770.1,Smp_203090.1,-0.9775397073529294,0.9775397073529294,coexpressao_negativa,negativa,0.9775397073529294
Smp_331590.1,Smp_154900.1,-0.9702269218447375,0.9702269218447375,coexpressao_negativa,negativa,0.9702269218447375
Smp_331590.1,Smp_055870.2,-0.9930072700573445,0.9930072700573445,coexpressao_negativa,negativa,0.9930072700573445
Smp_331590.1,Smp_203090.1,-0.9988387148935337,0.9988387148935337,coexpressao_negativa,negativa,0.9988387148935337
Smp_332600.2,Smp_040710.2,-0.9982358814491936,0.9982358814491936,coexpressao_negativa,negativa,0.9982358814491936
Smp_332600.2,Smp_314730.1,-0.9835604301025633,0.9835604301025633,coexpressao_negativa,negativa,0.9835604301025633
Smp_332600.2,Smp_058050.1,-0.9923395546482261,0.9923395546482261,coexpressao_negativa,negativa,0.9923395546482261
Smp_332600.2,Smp_061250.2,-0.9742902815410375,0.9742902815410375,coexpressao_negativa,negativa,0.9742902815410375
Smp_332600.2,Smp_141290.1,-0.9701870125615167,0.9701870125615167,coexpressao_negativa,negativa,0.9701870125615167
Smp_062020.1,Smp_347540.2,-0.9832233107154148,0.9832233107154148,coexpressao_negativa,negativa,0.9832233107154148
Smp_062020.1,Smp_328360.1,-0.9804474191164598,0.9804474191164598,coexpressao_negativa,negativa,0.9804474191164598
Smp_062020.1,Smp_150000.1,-0.9832540924250346,0.9832540924250346,coexpressao_negativa,negativa,0.9832540924250346
Smp_032670.1,Smp_000790.2,-0.994742464927119,0.994742464927119,coexpressao_negativa,negativa,0.994742464927119
Smp_032670.1,Smp_244890.1,-0.9865718709226827,0.9865718709226827,coexpressao_negativa,negativa,0.9865718709226827
Smp_032670.1,Smp_130520.4,-0.9949823252942442,0.9949823252942442,coexpressao_negativa,negativa,0.9949823252942442
Smp_032670.1,Smp_304890.2,-0.9748250801634825,0.9748250801634825,coexpressao_negativa,negativa,0.9748250801634825
Smp_032670.1,Smp_317240.1,-0.9894233341303016,0.9894233341303016,coexpressao_negativa,negativa,0.9894233341303016
Smp_032670.1,Smp_200460.1,-0.97160683972531,0.97160683972531,coexpressao_negativa,negativa,0.97160683972531
Smp_032670.1,Smp_336340.1,-0.9989379132168283,0.9989379132168283,coexpressao_negativa,negativa,0.9989379132168283
Smp_168080.2,Smp_154900.1,-0.9941849755729013,0.9941849755729013,coexpressao_negativa,negativa,0.9941849755729013
Smp_168080.2,Smp_055870.2,-0.9872475533391595,0.9872475533391595,coexpressao_negativa,negativa,0.9872475533391595
Smp_168080.2,Smp_203090.1,-0.9953672895085327,0.9953672895085327,coexpressao_negativa,negativa,0.9953672895085327
Smp_043500.2,Smp_347900.1,-0.9842606709544439,0.9842606709544439,coexpressao_negativa,negativa,0.9842606709544439
Smp_043500.2,Smp_347560.1,-0.9945938603952934,0.9945938603952934,coexpressao_negativa,negativa,0.9945938603952934
Smp_043500.2,Smp_317240.1,-0.9750665826943039,0.9750665826943039,coexpressao_negativa,negativa,0.9750665826943039
Smp_043500.2,Smp_200460.1,-0.9932725639800797,0.9932725639800797,coexpressao_negativa,negativa,0.9932725639800797
Smp_040710.2,Smp_054620.3,-0.9839393028439735,0.9839393028439735,coexpressao_negativa,negativa,0.9839393028439735
Smp_146150.1,Smp_314280.1,-0.97876689695663,0.97876689695663,coexpressao_negativa,negativa,0.97876689695663
Smp_146150.1,Smp_322980.1,-0.982711328770631,0.982711328770631,coexpressao_negativa,negativa,0.982711328770631
Smp_194370.1,Smp_323420.1,-0.9853799905860908,0.9853799905860908,coexpressao_negativa,negativa,0.9853799905860908
Smp_194370.1,Smp_055870.2,-0.9921453285760244,0.9921453285760244,coexpressao_negativa,negativa,0.9921453285760244
Smp_194370.1,Smp_203090.1,-0.9711127299340595,0.9711127299340595,coexpressao_negativa,negativa,0.9711127299340595
Smp_343390.1,Smp_007630.2,-0.9980146747946312,0.9980146747946312,coexpressao_negativa,negativa,0.9980146747946312
Smp_343390.1,Smp_337670.1,-0.9935738324170011,0.9935738324170011,coexpressao_negativa,negativa,0.9935738324170011
Smp_313630.1,Smp_334920.1,-0.9807763665965037,0.9807763665965037,coexpressao_negativa,negativa,0.9807763665965037
Smp_320100.1,Smp_137840.2,-0.9840554477006681,0.9840554477006681,coexpressao_negativa,negativa,0.9840554477006681
Smp_320100.1,Smp_058140.3,-0.9764606050149028,0.9764606050149028,coexpressao_negativa,negativa,0.9764606050149028
Smp_304890.1,Smp_245600.2,-0.9801370406619402,0.9801370406619402,coexpressao_negativa,negativa,0.9801370406619402
Smp_331170.2,Smp_302310.2,-0.9922301858809259,0.9922301858809259,coexpressao_negativa,negativa,0.9922301858809259
Smp_246050.3,Smp_046060.2,-0.9845881558884046,0.9845881558884046,coexpressao_negativa,negativa,0.9845881558884046
Smp_171140.1,Smp_245600.2,-0.9981649550777689,0.9981649550777689,coexpressao_negativa,negativa,0.9981649550777689
Smp_149380.2,Smp_302310.2,-0.9716326922784113,0.9716326922784113,coexpressao_negativa,negativa,0.9716326922784113
Smp_149380.2,Smp_055870.2,-0.9872921410814621,0.9872921410814621,coexpressao_negativa,negativa,0.9872921410814621
Smp_149380.2,Smp_203090.1,-0.9788867303209592,0.9788867303209592,coexpressao_negativa,negativa,0.9788867303209592
Smp_335110.1,Smp_335670.1,-0.9746881374766401,0.9746881374766401,coexpressao_negativa,negativa,0.9746881374766401
Smp_334920.1,Smp_345970.1,-0.9717434877961133,0.9717434877961133,coexpressao_negativa,negativa,0.9717434877961133
Smp_347900.1,Smp_082410.1,-0.9785895695768972,0.9785895695768972,coexpressao_negativa,negativa,0.9785895695768972
Smp_347900.1,Smp_169220.1,-0.9896876555128455,0.9896876555128455,coexpressao_negativa,negativa,0.9896876555128455
Smp_347900.1,Smp_328360.1,-0.9972425280897093,0.9972425280897093,coexpressao_negativa,negativa,0.9972425280897093
Smp_347900.1,Smp_150000.1,-0.9868566676998516,0.9868566676998516,coexpressao_negativa,negativa,0.9868566676998516
Smp_010550.1,Smp_193680.1,-0.9912490095849248,0.9912490095849248,coexpressao_negativa,negativa,0.9912490095849248
Smp_010550.1,Smp_341710.1,-0.9757786844374537,0.9757786844374537,coexpressao_negativa,negativa,0.9757786844374537
Smp_170770.2,Smp_344420.1,-0.9790736347630331,0.9790736347630331,coexpressao_negativa,negativa,0.9790736347630331
Smp_170770.2,Smp_061250.2,-0.9852288754883416,0.9852288754883416,coexpressao_negativa,negativa,0.9852288754883416
Smp_130520.1,Smp_046060.2,-0.9918396777849567,0.9918396777849567,coexpressao_negativa,negativa,0.9918396777849567
Smp_302270.1,Smp_302310.2,-0.991084438207885,0.991084438207885,coexpressao_negativa,negativa,0.991084438207885
Smp_316910.1,Smp_071590.1,-0.9952342908274302,0.9952342908274302,coexpressao_negativa,negativa,0.9952342908274302
Smp_316910.1,Smp_244440.1,-0.9844802065062944,0.9844802065062944,coexpressao_negativa,negativa,0.9844802065062944
Smp_063530.2,Smp_323420.1,-0.9789010384603142,0.9789010384603142,coexpressao_negativa,negativa,0.9789010384603142
Smp_063530.2,Smp_322980.1,-0.97121215866422,0.97121215866422,coexpressao_negativa,negativa,0.97121215866422
Smp_063530.2,Smp_347540.2,-0.977120916192883,0.977120916192883,coexpressao_negativa,negativa,0.977120916192883
Smp_082410.1,Smp_347560.1,-0.9889738390697163,0.9889738390697163,coexpressao_negativa,negativa,0.9889738390697163
Smp_082410.1,Smp_130520.4,-0.9803195372340318,0.9803195372340318,coexpressao_negativa,negativa,0.9803195372340318
Smp_082410.1,Smp_317240.1,-0.9879048919914014,0.9879048919914014,coexpressao_negativa,negativa,0.9879048919914014
Smp_082410.1,Smp_200460.1,-0.9994101046905766,0.9994101046905766,coexpressao_negativa,negativa,0.9994101046905766
Smp_082410.1,Smp_336340.1,-0.9739917614637017,0.9739917614637017,coexpressao_negativa,negativa,0.9739917614637017
Smp_181180.2,Smp_347540.2,-0.9761314441326512,0.9761314441326512,coexpressao_negativa,negativa,0.9761314441326512
Smp_181180.2,Smp_328360.1,-0.9813043469357887,0.9813043469357887,coexpressao_negativa,negativa,0.9813043469357887
Smp_181180.2,Smp_150000.1,-0.9805247105181378,0.9805247105181378,coexpressao_negativa,negativa,0.9805247105181378
Smp_141010.2,Smp_167630.2,-0.9774214714528908,0.9774214714528908,coexpressao_negativa,negativa,0.9774214714528908
Smp_141010.2,Smp_181180.1,-0.9991578105027276,0.9991578105027276,coexpressao_negativa,negativa,0.9991578105027276
Smp_141010.2,Smp_127680.1,-0.9914407996029685,0.9914407996029685,coexpressao_negativa,negativa,0.9914407996029685
Smp_141010.2,Smp_141010.3,-0.9879491001002849,0.9879491001002849,coexpressao_negativa,negativa,0.9879491001002849
Smp_004690.2,Smp_323420.1,-0.9775324481925718,0.9775324481925718,coexpressao_negativa,negativa,0.9775324481925718
Smp_004690.2,Smp_055870.2,-0.9859476421488494,0.9859476421488494,coexpressao_negativa,negativa,0.9859476421488494
Smp_167630.2,Smp_328620.2,-0.9729350717056517,0.9729350717056517,coexpressao_negativa,negativa,0.9729350717056517
Smp_167630.2,Smp_056460.1,-0.9749029026870645,0.9749029026870645,coexpressao_negativa,negativa,0.9749029026870645
Smp_167630.2,Smp_058140.1,-0.9962093778892802,0.9962093778892802,coexpressao_negativa,negativa,0.9962093778892802
Smp_041500.2,Smp_323420.1,-0.9791778965266743,0.9791778965266743,coexpressao_negativa,negativa,0.9791778965266743
Smp_041500.2,Smp_302310.2,-0.9703873008255736,0.9703873008255736,coexpressao_negativa,negativa,0.9703873008255736
Smp_041500.2,Smp_347540.2,-0.9713324894237658,0.9713324894237658,coexpressao_negativa,negativa,0.9713324894237658
Smp_181080.1,Smp_074390.1,-0.9894099750592095,0.9894099750592095,coexpressao_negativa,negativa,0.9894099750592095
Smp_181080.1,Smp_328910.1,-0.9953967921044914,0.9953967921044914,coexpressao_negativa,negativa,0.9953967921044914
Smp_181080.1,Smp_028210.2,-0.9809940685022088,0.9809940685022088,coexpressao_negativa,negativa,0.9809940685022088
Smp_246970.2,Smp_074390.1,-0.99218430871267,0.99218430871267,coexpressao_negativa,negativa,0.99218430871267
Smp_246970.2,Smp_328910.1,-0.9996008504441926,0.9996008504441926,coexpressao_negativa,negativa,0.9996008504441926
Smp_246970.2,Smp_028210.2,-0.9832769631598892,0.9832769631598892,coexpressao_negativa,negativa,0.9832769631598892
Smp_152580.1,Smp_074390.1,-0.972968627026083,0.972968627026083,coexpressao_negativa,negativa,0.972968627026083
Smp_152580.1,Smp_328910.1,-0.9842846218730236,0.9842846218730236,coexpressao_negativa,negativa,0.9842846218730236
Smp_152580.1,Smp_341710.1,-0.9863720504295524,0.9863720504295524,coexpressao_negativa,negativa,0.9863720504295524
Smp_007630.2,Smp_086330.2,-0.979697407324632,0.979697407324632,coexpressao_negativa,negativa,0.979697407324632
Smp_048050.2,Smp_129410.1,-0.9893598611019975,0.9893598611019975,coexpressao_negativa,negativa,0.9893598611019975
Smp_048050.2,Smp_341710.1,-0.9929075696140569,0.9929075696140569,coexpressao_negativa,negativa,0.9929075696140569
Smp_318260.2,Smp_331600.1,-0.9828912468005707,0.9828912468005707,coexpressao_negativa,negativa,0.9828912468005707
Smp_318260.2,Smp_337670.1,-0.9732710943247931,0.9732710943247931,coexpressao_negativa,negativa,0.9732710943247931
Smp_212300.2,Smp_193680.1,-0.9813261450832856,0.9813261450832856,coexpressao_negativa,negativa,0.9813261450832856
Smp_212300.2,Smp_341710.1,-0.985282959205411,0.985282959205411,coexpressao_negativa,negativa,0.985282959205411
Smp_019690.1,Smp_302310.2,-0.9925427559305169,0.9925427559305169,coexpressao_negativa,negativa,0.9925427559305169
Smp_019690.1,Smp_347540.2,-0.9964533663666715,0.9964533663666715,coexpressao_negativa,negativa,0.9964533663666715
Smp_019690.1,Smp_150000.1,-0.9771838156342398,0.9771838156342398,coexpressao_negativa,negativa,0.9771838156342398
Smp_137840.2,Smp_346960.1,-0.9936681081748516,0.9936681081748516,coexpressao_negativa,negativa,0.9936681081748516
Smp_137840.2,Smp_179390.1,-0.9907699156917779,0.9907699156917779,coexpressao_negativa,negativa,0.9907699156917779
Smp_328620.2,Smp_181180.1,-0.9975882399857351,0.9975882399857351,coexpressao_negativa,negativa,0.9975882399857351
Smp_328620.2,Smp_152290.1,-0.9753717073223485,0.9753717073223485,coexpressao_negativa,negativa,0.9753717073223485
Smp_328620.2,Smp_127680.1,-0.989163417365322,0.989163417365322,coexpressao_negativa,negativa,0.989163417365322
Smp_328620.2,Smp_141010.3,-0.9913469400720234,0.9913469400720234,coexpressao_negativa,negativa,0.9913469400720234
Smp_181180.1,Smp_056460.1,-0.9863220355844413,0.9863220355844413,coexpressao_negativa,negativa,0.9863220355844413
Smp_181180.1,Smp_058140.1,-0.9884481296876408,0.9884481296876408,coexpressao_negativa,negativa,0.9884481296876408
Smp_179970.1,Smp_344420.1,-0.9840250038156165,0.9840250038156165,coexpressao_negativa,negativa,0.9840250038156165
Smp_179970.1,Smp_140200.2,-0.9970818358124097,0.9970818358124097,coexpressao_negativa,negativa,0.9970818358124097
Smp_323420.1,Smp_127870.1,-0.9860645992643924,0.9860645992643924,coexpressao_negativa,negativa,0.9860645992643924
Smp_323420.1,Smp_244860.1,-0.9796926931107444,0.9796926931107444,coexpressao_negativa,negativa,0.9796926931107444
Smp_302310.2,Smp_029210.2,-0.9770346637769589,0.9770346637769589,coexpressao_negativa,negativa,0.9770346637769589
Smp_327460.1,Smp_347560.1,-0.9807998943492241,0.9807998943492241,coexpressao_negativa,negativa,0.9807998943492241
Smp_314280.1,Smp_173380.1,-0.9912594927727041,0.9912594927727041,coexpressao_negativa,negativa,0.9912594927727041
Smp_000790.1,Smp_347560.1,-0.9934738759473942,0.9934738759473942,coexpressao_negativa,negativa,0.9934738759473942
Smp_000790.1,Smp_317240.1,-0.9869378223333057,0.9869378223333057,coexpressao_negativa,negativa,0.9869378223333057
Smp_000790.1,Smp_200460.1,-0.9832773000397126,0.9832773000397126,coexpressao_negativa,negativa,0.9832773000397126
Smp_056460.1,Smp_127680.1,-0.9811530741593917,0.9811530741593917,coexpressao_negativa,negativa,0.9811530741593917
Smp_054620.3,Smp_020450.1,-0.998779653780326,0.998779653780326,coexpressao_negativa,negativa,0.998779653780326
Smp_054620.3,Smp_058050.1,-0.9874673752191174,0.9874673752191174,coexpressao_negativa,negativa,0.9874673752191174
Smp_054620.3,Smp_141290.1,-0.9718727573518173,0.9718727573518173,coexpressao_negativa,negativa,0.9718727573518173
Smp_127870.1,Smp_055870.2,-0.9884881582856274,0.9884881582856274,coexpressao_negativa,negativa,0.9884881582856274
Smp_244860.1,Smp_055870.2,-0.995650765158882,0.995650765158882,coexpressao_negativa,negativa,0.995650765158882
Smp_244860.1,Smp_203090.1,-0.9779189577258618,0.9779189577258618,coexpressao_negativa,negativa,0.9779189577258618
Smp_154900.1,Smp_314730.1,-0.9741601695095484,0.9741601695095484,coexpressao_negativa,negativa,0.9741601695095484
Smp_140260.1,Smp_071590.1,-0.9935033567023361,0.9935033567023361,coexpressao_negativa,negativa,0.9935033567023361
Smp_140260.1,Smp_244440.1,-0.9892578010916834,0.9892578010916834,coexpressao_negativa,negativa,0.9892578010916834
Smp_046060.2,Smp_345970.1,-0.9860924048608566,0.9860924048608566,coexpressao_negativa,negativa,0.9860924048608566
Smp_058140.3,Smp_346960.1,-0.9804040986465464,0.9804040986465464,coexpressao_negativa,negativa,0.9804040986465464
Smp_058140.3,Smp_179390.1,-0.9890423917710264,0.9890423917710264,coexpressao_negativa,negativa,0.9890423917710264
Smp_337670.1,Smp_086330.2,-0.9782635893353417,0.9782635893353417,coexpressao_negativa,negativa,0.9782635893353417
Smp_314730.1,Smp_055870.2,-0.9706869142151854,0.9706869142151854,coexpressao_negativa,negativa,0.9706869142151854
Smp_347560.1,Smp_340300.2,-0.9908214060334025,0.9908214060334025,coexpressao_negativa,negativa,0.9908214060334025
Smp_214020.2,Smp_193680.1,-0.9748288849537454,0.9748288849537454,coexpressao_negativa,negativa,0.9748288849537454
Smp_214020.2,Smp_341710.1,-0.9874351401433655,0.9874351401433655,coexpressao_negativa,negativa,0.9874351401433655
Smp_130520.4,Smp_340300.2,-0.9711046263197562,0.9711046263197562,coexpressao_negativa,negativa,0.9711046263197562
Smp_130520.4,Smp_150000.1,-0.9774726661636732,0.9774726661636732,coexpressao_negativa,negativa,0.9774726661636732
Smp_317240.1,Smp_340300.2,-0.9933361250579187,0.9933361250579187,coexpressao_negativa,negativa,0.9933361250579187
Smp_340300.2,Smp_200460.1,-0.9884692099903662,0.9884692099903662,coexpressao_negativa,negativa,0.9884692099903662
Smp_340300.2,Smp_336340.1,-0.977035157796625,0.977035157796625,coexpressao_negativa,negativa,0.977035157796625
Smp_200460.1,Smp_328360.1,-0.9839558601439091,0.9839558601439091,coexpressao_negativa,negativa,0.9839558601439091
Smp_200460.1,Smp_150000.1,-0.9873033989266506,0.9873033989266506,coexpressao_negativa,negativa,0.9873033989266506
Smp_029210.2,Smp_203090.1,-0.9709551605394633,0.9709551605394633,coexpressao_negativa,negativa,0.9709551605394633
